3/13/2018 15:06:00.961,-0.588,,34.192812,-115.957985,1630,excellent
3/13/2018 15:06:01.011,-0.588
3/13/2018 15:06:01.061,-0.587
3/13/2018 15:06:01.111,-0.588
3/13/2018 15:06:01.161,-0.588
3/13/2018 15:06:01.211,-0.588
3/13/2018 15:06:01.261,-0.588
3/13/2018 15:06:01.311,-0.588
3/13/2018 15:06:01.361,-0.587
3/13/2018 15:06:01.411,-0.587
3/13/2018 15:06:01.461,-0.587
3/13/2018 15:06:01.511,-0.587
3/13/2018 15:06:01.561,-0.587
3/13/2018 15:06:01.611,-0.587
3/13/2018 15:06:01.661,-0.587
3/13/2018 15:06:01.711,-0.587
3/13/2018 15:06:01.761,-0.587
3/13/2018 15:06:01.811,-0.587
3/13/2018 15:06:01.861,-0.587
3/13/2018 15:06:01.911,-0.587
3/13/2018 15:06:01.961,-0.587
3/13/2018 15:06:02.011,-0.587
3/13/2018 15:06:02.061,-0.587
3/13/2018 15:06:02.111,-0.587
3/13/2018 15:06:02.161,-0.587
3/13/2018 15:06:02.211,-0.587
3/13/2018 15:06:02.261,-0.587
3/13/2018 15:06:02.311,-0.587
3/13/2018 15:06:02.361,-0.587
3/13/2018 15:06:02.411,-0.587
3/13/2018 15:06:02.461,-0.587
3/13/2018 15:06:02.511,-0.586
3/13/2018 15:06:02.561,-0.587
3/13/2018 15:06:02.611,-0.587
3/13/2018 15:06:02.661,-0.587
3/13/2018 15:06:02.711,-0.587
3/13/2018 15:06:02.761,-0.587
3/13/2018 15:06:02.811,-0.587
3/13/2018 15:06:02.861,-0.586
3/13/2018 15:06:02.911,-0.586
3/13/2018 15:06:02.961,-0.586
3/13/2018 15:06:03.011,-0.586
3/13/2018 15:06:03.061,-0.586
3/13/2018 15:06:03.111,-0.586
3/13/2018 15:06:03.161,-0.586
3/13/2018 15:06:03.211,-0.586
3/13/2018 15:06:03.261,-0.586
3/13/2018 15:06:03.311,-0.586
3/13/2018 15:06:03.361,-0.586
3/13/2018 15:06:03.411,-0.586
3/13/2018 15:06:03.461,-0.586
3/13/2018 15:06:03.511,-0.586
3/13/2018 15:06:03.561,-0.586
3/13/2018 15:06:03.611,-0.586
3/13/2018 15:06:03.661,-0.586
3/13/2018 15:06:03.711,-0.586
3/13/2018 15:06:03.761,-0.586
3/13/2018 15:06:03.811,-0.586
3/13/2018 15:06:03.861,-0.586
3/13/2018 15:06:03.911,-0.586
3/13/2018 15:06:03.961,-0.586
3/13/2018 15:06:04.011,-0.586
3/13/2018 15:06:04.061,-0.586
3/13/2018 15:06:04.111,-0.586
3/13/2018 15:06:04.161,-0.586
3/13/2018 15:06:04.211,-0.586
3/13/2018 15:06:04.261,-0.586
3/13/2018 15:06:04.311,-0.586
3/13/2018 15:06:04.361,-0.586
3/13/2018 15:06:04.411,-0.586
3/13/2018 15:06:04.461,-0.586
3/13/2018 15:06:04.511,-0.586
3/13/2018 15:06:04.561,-0.586
3/13/2018 15:06:04.611,-0.586
3/13/2018 15:06:04.661,-0.586
3/13/2018 15:06:04.711,-0.586
3/13/2018 15:06:04.761,-0.586
3/13/2018 15:06:04.811,-0.586
3/13/2018 15:06:04.861,-0.586
3/13/2018 15:06:04.911,-0.586
3/13/2018 15:06:04.961,-0.586
3/13/2018 15:06:05.011,-0.587
3/13/2018 15:06:05.061,-0.778
3/13/2018 15:06:05.111,-0.828
3/13/2018 15:06:05.161,-0.839
3/13/2018 15:06:05.211,-0.843
3/13/2018 15:06:05.261,-0.843
3/13/2018 15:06:05.311,-0.841
3/13/2018 15:06:05.361,-0.840
3/13/2018 15:06:05.411,-0.840
3/13/2018 15:06:05.461,-0.840
3/13/2018 15:06:05.511,-0.839
3/13/2018 15:06:05.561,-0.839
3/13/2018 15:06:05.611,-0.839
3/13/2018 15:06:05.661,-0.839
3/13/2018 15:06:05.711,-0.839
3/13/2018 15:06:05.761,-0.839
3/13/2018 15:06:05.811,-0.839
3/13/2018 15:06:05.861,-0.839
3/13/2018 15:06:05.911,-0.839
3/13/2018 15:06:05.961,-0.839
3/13/2018 15:06:06.011,-0.839
3/13/2018 15:06:06.061,-0.838
3/13/2018 15:06:06.111,-0.838
3/13/2018 15:06:06.161,-0.838
3/13/2018 15:06:06.211,-0.838
3/13/2018 15:06:06.261,-0.838
3/13/2018 15:06:06.311,-0.838
3/13/2018 15:06:06.361,-0.838
3/13/2018 15:06:06.411,-0.838
3/13/2018 15:06:06.461,-0.838
3/13/2018 15:06:06.511,-0.838
3/13/2018 15:06:06.561,-0.838
3/13/2018 15:06:06.611,-0.838
3/13/2018 15:06:06.661,-0.838
3/13/2018 15:06:06.711,-0.838
3/13/2018 15:06:06.761,-0.838
3/13/2018 15:06:06.811,-0.838
3/13/2018 15:06:06.861,-0.838
3/13/2018 15:06:06.911,-0.838
3/13/2018 15:06:06.961,-0.838
3/13/2018 15:06:07.011,-0.838
3/13/2018 15:06:07.061,-0.838
3/13/2018 15:06:07.111,-0.838
3/13/2018 15:06:07.161,-0.838
3/13/2018 15:06:07.211,-0.838
3/13/2018 15:06:07.261,-0.838
3/13/2018 15:06:07.311,-0.838
3/13/2018 15:06:07.361,-0.838
3/13/2018 15:06:07.411,-0.838
3/13/2018 15:06:07.461,-0.838
3/13/2018 15:06:07.511,-0.838
3/13/2018 15:06:07.561,-0.838
3/13/2018 15:06:07.611,-0.838
3/13/2018 15:06:07.661,-0.838
3/13/2018 15:06:07.711,-0.838
3/13/2018 15:06:07.761,-0.838
3/13/2018 15:06:07.811,-0.838
3/13/2018 15:06:07.861,-0.838
3/13/2018 15:06:07.911,-0.838
3/13/2018 15:06:07.961,-0.838
3/13/2018 15:06:08.011,-0.838
3/13/2018 15:06:08.061,-0.838
3/13/2018 15:06:08.111,-0.838
3/13/2018 15:06:08.161,-0.838
3/13/2018 15:06:08.211,-0.838
3/13/2018 15:06:08.261,-0.838
3/13/2018 15:06:08.311,-0.838
3/13/2018 15:06:08.361,-0.838
3/13/2018 15:06:08.411,-0.838
3/13/2018 15:06:08.461,-0.838
3/13/2018 15:06:08.511,-0.838
3/13/2018 15:06:08.561,-0.838
3/13/2018 15:06:08.611,-0.838
3/13/2018 15:06:08.661,-0.838
3/13/2018 15:06:08.711,-0.838
3/13/2018 15:06:08.761,-0.838
3/13/2018 15:06:08.811,-0.838
3/13/2018 15:06:08.861,-0.838
3/13/2018 15:06:08.911,-0.838
3/13/2018 15:06:08.961,-0.838
3/13/2018 15:06:09.011,-0.838
3/13/2018 15:06:09.061,-0.838
3/13/2018 15:06:09.111,-0.838
3/13/2018 15:06:09.161,-0.838
3/13/2018 15:06:09.211,-0.838
3/13/2018 15:06:09.261,-0.838
3/13/2018 15:06:09.311,-0.838
3/13/2018 15:06:09.361,-0.838
3/13/2018 15:06:09.411,-0.838
3/13/2018 15:06:09.461,-0.838
3/13/2018 15:06:09.511,-0.838
3/13/2018 15:06:09.561,-0.838
3/13/2018 15:06:09.611,-0.838
3/13/2018 15:06:09.661,-0.838
3/13/2018 15:06:09.711,-0.838
3/13/2018 15:06:09.761,-0.838
3/13/2018 15:06:09.811,-0.838
3/13/2018 15:06:09.861,-0.838
3/13/2018 15:06:09.911,-0.837
3/13/2018 15:06:09.961,-0.837
3/13/2018 15:06:10.011,-0.837
3/13/2018 15:06:10.061,-0.837
3/13/2018 15:06:10.111,-0.838
3/13/2018 15:06:10.161,-0.838
3/13/2018 15:06:10.211,-0.837
3/13/2018 15:06:10.261,-0.837
3/13/2018 15:06:10.311,-0.837
3/13/2018 15:06:10.361,-0.837
3/13/2018 15:06:10.411,-0.837
3/13/2018 15:06:10.461,-0.837
3/13/2018 15:06:10.511,-0.837
3/13/2018 15:06:10.561,-0.837
3/13/2018 15:06:10.611,-0.837
3/13/2018 15:06:10.661,-0.837
3/13/2018 15:06:10.711,-0.837
3/13/2018 15:06:10.761,-0.837
3/13/2018 15:06:10.811,-0.837
3/13/2018 15:06:10.861,-0.837
3/13/2018 15:06:10.911,-0.837
3/13/2018 15:06:10.961,-0.837
3/13/2018 15:06:11.011,-0.837
3/13/2018 15:06:11.061,-0.837
3/13/2018 15:06:11.111,-0.837
3/13/2018 15:06:11.161,-0.837
3/13/2018 15:06:11.211,-0.837
3/13/2018 15:06:11.261,-0.837
3/13/2018 15:06:11.311,-0.837
3/13/2018 15:06:11.361,-0.837
3/13/2018 15:06:11.411,-0.837
3/13/2018 15:06:11.461,-0.837
3/13/2018 15:06:11.511,-0.837
3/13/2018 15:06:11.561,-0.837
3/13/2018 15:06:11.611,-0.837
3/13/2018 15:06:11.661,-0.837
3/13/2018 15:06:11.711,-0.837
3/13/2018 15:06:11.761,-0.837
3/13/2018 15:06:11.811,-0.837
3/13/2018 15:06:11.861,-0.837
3/13/2018 15:06:11.911,-0.837
3/13/2018 15:06:11.961,-0.837
3/13/2018 15:06:12.011,-0.837
3/13/2018 15:06:12.061,-0.837
3/13/2018 15:06:12.111,-0.837
3/13/2018 15:06:12.161,-0.837
3/13/2018 15:06:12.211,-0.837
3/13/2018 15:06:12.261,-0.837
3/13/2018 15:06:12.311,-0.837
3/13/2018 15:06:12.361,-0.837
3/13/2018 15:06:12.411,-0.837
3/13/2018 15:06:12.461,-0.837
3/13/2018 15:06:12.511,-0.837
3/13/2018 15:06:12.561,-0.837
3/13/2018 15:06:12.611,-0.837
3/13/2018 15:06:12.661,-0.837
3/13/2018 15:06:12.711,-0.837
3/13/2018 15:06:12.761,-0.837
3/13/2018 15:06:12.811,-0.837
3/13/2018 15:06:12.861,-0.837
3/13/2018 15:06:12.911,-0.837
3/13/2018 15:06:12.961,-0.837
3/13/2018 15:06:13.011,-0.837
3/13/2018 15:06:13.061,-0.837
3/13/2018 15:06:13.111,-0.837
3/13/2018 15:06:13.161,-0.837
3/13/2018 15:06:13.211,-0.837
3/13/2018 15:06:13.261,-0.837
3/13/2018 15:06:13.311,-0.837
3/13/2018 15:06:13.361,-0.837
3/13/2018 15:06:13.411,-0.837
3/13/2018 15:06:13.461,-0.837
3/13/2018 15:06:13.511,-0.837
3/13/2018 15:06:13.561,-0.837
3/13/2018 15:06:13.611,-0.837
3/13/2018 15:06:13.661,-0.837
3/13/2018 15:06:13.711,-0.837
3/13/2018 15:06:13.761,-0.837
3/13/2018 15:06:13.811,-0.837
3/13/2018 15:06:13.861,-0.837
3/13/2018 15:06:13.911,-0.837
3/13/2018 15:06:13.961,-0.837
3/13/2018 15:06:14.010,-0.837
3/13/2018 15:06:14.060,-0.837
3/13/2018 15:06:14.110,-0.837
3/13/2018 15:06:14.160,-0.837
3/13/2018 15:06:14.211,-0.837
3/13/2018 15:06:14.260,-0.837
3/13/2018 15:06:14.310,-0.837
3/13/2018 15:06:14.360,-0.837
3/13/2018 15:06:14.410,-0.837
3/13/2018 15:06:14.460,-0.837
3/13/2018 15:06:14.511,-0.837
3/13/2018 15:06:14.560,-0.837
3/13/2018 15:06:14.611,-0.837
3/13/2018 15:06:14.661,-0.837
3/13/2018 15:06:14.710,-0.837
3/13/2018 15:06:14.760,-0.837
3/13/2018 15:06:14.811,-0.837
3/13/2018 15:06:14.861,-0.837
3/13/2018 15:06:14.910,-0.837
3/13/2018 15:06:14.961,-0.837
3/13/2018 15:06:15.011,-0.837
3/13/2018 15:06:15.061,-0.837
3/13/2018 15:06:15.110,-0.837
3/13/2018 15:06:15.161,-0.837
3/13/2018 15:06:15.210,-0.837
3/13/2018 15:06:15.261,-0.837
3/13/2018 15:06:15.310,-0.837
3/13/2018 15:06:15.360,-0.837
3/13/2018 15:06:15.410,-0.837
3/13/2018 15:06:15.460,-0.837
3/13/2018 15:06:15.510,-0.837
3/13/2018 15:06:15.560,-0.837
3/13/2018 15:06:15.610,-0.837
3/13/2018 15:06:15.660,-0.837
3/13/2018 15:06:15.710,-0.837
3/13/2018 15:06:15.760,-0.837
3/13/2018 15:06:15.810,-0.837
3/13/2018 15:06:15.860,-0.837
3/13/2018 15:06:15.910,-0.837
3/13/2018 15:06:15.961,-0.837
3/13/2018 15:06:16.010,-0.837
3/13/2018 15:06:16.060,-0.837
3/13/2018 15:06:16.111,-0.837
3/13/2018 15:06:16.160,-0.837
3/13/2018 15:06:16.210,-0.837
3/13/2018 15:06:16.260,-0.837
3/13/2018 15:06:16.310,-0.837
3/13/2018 15:06:16.360,-0.837
3/13/2018 15:06:16.410,-0.837
3/13/2018 15:06:16.460,-0.837
3/13/2018 15:06:16.510,-0.837
3/13/2018 15:06:16.560,-0.837
3/13/2018 15:06:16.610,-0.837
3/13/2018 15:06:16.660,-0.837
3/13/2018 15:06:16.710,-0.837
3/13/2018 15:06:16.760,-0.837
3/13/2018 15:06:16.810,-0.837
3/13/2018 15:06:16.860,-0.837
3/13/2018 15:06:16.910,-0.837
3/13/2018 15:06:16.961,-0.837
3/13/2018 15:06:17.010,-0.837
3/13/2018 15:06:17.060,-0.836
3/13/2018 15:06:17.111,-0.837
3/13/2018 15:06:17.161,-0.837
3/13/2018 15:06:17.211,-0.837
3/13/2018 15:06:17.260,-0.837
3/13/2018 15:06:17.310,-0.836
3/13/2018 15:06:17.361,-0.836
3/13/2018 15:06:17.410,-0.836
3/13/2018 15:06:17.460,-0.836
3/13/2018 15:06:17.510,-0.836
3/13/2018 15:06:17.560,-0.836
3/13/2018 15:06:17.610,-0.836
3/13/2018 15:06:17.660,-0.836
3/13/2018 15:06:17.710,-0.836
3/13/2018 15:06:17.760,-0.836
3/13/2018 15:06:17.810,-0.836
3/13/2018 15:06:17.860,-0.836
3/13/2018 15:06:17.910,-0.836
3/13/2018 15:06:17.961,-0.837
3/13/2018 15:06:18.010,-0.837
3/13/2018 15:06:18.061,-0.836
3/13/2018 15:06:18.110,-0.836
3/13/2018 15:06:18.160,-0.837
3/13/2018 15:06:18.210,-0.837
3/13/2018 15:06:18.260,-0.837
3/13/2018 15:06:18.310,-0.837
3/13/2018 15:06:18.361,-0.837
3/13/2018 15:06:18.410,-0.837
3/13/2018 15:06:18.460,-0.837
3/13/2018 15:06:18.510,-0.837
3/13/2018 15:06:18.560,-0.837
3/13/2018 15:06:18.610,-0.836
3/13/2018 15:06:18.660,-0.836
3/13/2018 15:06:18.710,-0.836
3/13/2018 15:06:18.760,-0.836
3/13/2018 15:06:18.811,-0.837
3/13/2018 15:06:18.860,-0.837
3/13/2018 15:06:18.910,-0.837
3/13/2018 15:06:18.961,-0.837
3/13/2018 15:06:19.010,-0.837
3/13/2018 15:06:19.061,-0.837
3/13/2018 15:06:19.110,-0.837
3/13/2018 15:06:19.160,-0.837
3/13/2018 15:06:19.210,-0.837
3/13/2018 15:06:19.260,-0.837
3/13/2018 15:06:19.310,-0.837
3/13/2018 15:06:19.360,-0.836
3/13/2018 15:06:19.411,-0.836
3/13/2018 15:06:19.460,-0.836
3/13/2018 15:06:19.510,-0.836
3/13/2018 15:06:19.560,-0.836
3/13/2018 15:06:19.610,-0.836
3/13/2018 15:06:19.660,-0.836
3/13/2018 15:06:19.710,-0.836
3/13/2018 15:06:19.760,-0.836
3/13/2018 15:06:19.810,-0.836
3/13/2018 15:06:19.860,-0.836
3/13/2018 15:06:19.910,-0.836
3/13/2018 15:06:19.961,-0.836
3/13/2018 15:06:20.010,-0.836
3/13/2018 15:06:20.060,-0.836
3/13/2018 15:06:20.110,-0.837
3/13/2018 15:06:20.160,-0.837
3/13/2018 15:06:20.210,-0.837
3/13/2018 15:06:20.260,-0.837
3/13/2018 15:06:20.310,-0.837
3/13/2018 15:06:20.360,-0.837
3/13/2018 15:06:20.410,-0.837
3/13/2018 15:06:20.460,-0.837
3/13/2018 15:06:20.510,-0.837
3/13/2018 15:06:20.560,-0.837
3/13/2018 15:06:20.610,-0.837
3/13/2018 15:06:20.660,-0.837
3/13/2018 15:06:20.710,-0.837
3/13/2018 15:06:20.760,-0.837
3/13/2018 15:06:20.810,-0.837
3/13/2018 15:06:20.860,-0.837
3/13/2018 15:06:20.910,-0.837
3/13/2018 15:06:20.960,-0.837
3/13/2018 15:06:21.010,-0.836
3/13/2018 15:06:21.060,-0.836
3/13/2018 15:06:21.110,-0.836
3/13/2018 15:06:21.160,-0.836
3/13/2018 15:06:21.210,-0.836
3/13/2018 15:06:21.260,-0.836
3/13/2018 15:06:21.310,-0.836
3/13/2018 15:06:21.360,-0.836
3/13/2018 15:06:21.410,-0.836
3/13/2018 15:06:21.460,-0.836
3/13/2018 15:06:21.510,-0.836
3/13/2018 15:06:21.560,-0.836
3/13/2018 15:06:21.610,-0.836
3/13/2018 15:06:21.660,-0.836
3/13/2018 15:06:21.710,-0.836
3/13/2018 15:06:21.760,-0.836
3/13/2018 15:06:21.810,-0.836
3/13/2018 15:06:21.860,-0.836
3/13/2018 15:06:21.910,-0.836
3/13/2018 15:06:21.960,-0.836
3/13/2018 15:06:22.010,-0.836
3/13/2018 15:06:22.060,-0.834
3/13/2018 15:06:22.110,-0.818
3/13/2018 15:06:22.160,-0.807
3/13/2018 15:06:22.210,-0.803
3/13/2018 15:06:22.260,-0.802
3/13/2018 15:06:22.310,-0.802
3/13/2018 15:06:22.360,-0.802
3/13/2018 15:06:22.410,-0.802
3/13/2018 15:06:22.460,-0.802
3/13/2018 15:06:22.510,-0.802
3/13/2018 15:06:22.560,-0.802
3/13/2018 15:06:22.610,-0.802
3/13/2018 15:06:22.660,-0.802
3/13/2018 15:06:22.710,-0.802
3/13/2018 15:06:22.760,-0.802
3/13/2018 15:06:22.810,-0.802
3/13/2018 15:06:22.860,-0.802
3/13/2018 15:06:22.910,-0.802
3/13/2018 15:06:22.960,-0.802
3/13/2018 15:06:23.010,-0.802
3/13/2018 15:06:23.060,-0.802
3/13/2018 15:06:23.110,-0.802
3/13/2018 15:06:23.160,-0.802
3/13/2018 15:06:23.210,-0.802
3/13/2018 15:06:23.260,-0.802
3/13/2018 15:06:23.310,-0.802
3/13/2018 15:06:23.360,-0.802
3/13/2018 15:06:23.410,-0.802
3/13/2018 15:06:23.460,-0.802
3/13/2018 15:06:23.510,-0.802
3/13/2018 15:06:23.560,-0.802
3/13/2018 15:06:23.610,-0.802
3/13/2018 15:06:23.660,-0.802
3/13/2018 15:06:23.710,-0.802
3/13/2018 15:06:23.760,-0.802
3/13/2018 15:06:23.810,-0.802
3/13/2018 15:06:23.860,-0.802
3/13/2018 15:06:23.910,-0.802
3/13/2018 15:06:23.960,-0.802
3/13/2018 15:06:24.010,-0.802
3/13/2018 15:06:24.060,-0.802
3/13/2018 15:06:24.110,-0.802
3/13/2018 15:06:24.160,-0.802
3/13/2018 15:06:24.210,-0.802
3/13/2018 15:06:24.260,-0.802
3/13/2018 15:06:24.310,-0.802
3/13/2018 15:06:24.360,-0.802
3/13/2018 15:06:24.410,-0.802
3/13/2018 15:06:24.460,-0.802
3/13/2018 15:06:24.510,-0.802
3/13/2018 15:06:24.560,-0.802
3/13/2018 15:06:24.610,-0.802
3/13/2018 15:06:24.660,-0.802
3/13/2018 15:06:24.710,-0.802
3/13/2018 15:06:24.760,-0.802
3/13/2018 15:06:24.810,-0.802
3/13/2018 15:06:24.860,-0.802
3/13/2018 15:06:24.910,-0.802
3/13/2018 15:06:24.960,-0.802
3/13/2018 15:06:25.010,-0.802
3/13/2018 15:06:25.060,-0.802
3/13/2018 15:06:25.110,-0.802
3/13/2018 15:06:25.160,-0.802
3/13/2018 15:06:25.210,-0.802
3/13/2018 15:06:25.260,-0.802
3/13/2018 15:06:25.310,-0.802
3/13/2018 15:06:25.360,-0.802
3/13/2018 15:06:25.410,-0.802
3/13/2018 15:06:25.460,-0.802
3/13/2018 15:06:25.510,-0.802
3/13/2018 15:06:25.560,-0.802
3/13/2018 15:06:25.610,-0.802
3/13/2018 15:06:25.660,-0.802
3/13/2018 15:06:25.710,-0.802
3/13/2018 15:06:25.760,-0.802
3/13/2018 15:06:25.810,-0.802
3/13/2018 15:06:25.860,-0.802
3/13/2018 15:06:25.910,-0.802
3/13/2018 15:06:25.960,-0.802
3/13/2018 15:06:26.010,-0.802
3/13/2018 15:06:26.060,-0.802
3/13/2018 15:06:26.110,-0.802
3/13/2018 15:06:26.160,-0.802
3/13/2018 15:06:26.210,-0.802
3/13/2018 15:06:26.260,-0.802
3/13/2018 15:06:26.310,-0.802
3/13/2018 15:06:26.360,-0.802
3/13/2018 15:06:26.410,-0.802
3/13/2018 15:06:26.460,-0.802
3/13/2018 15:06:26.510,-0.802
3/13/2018 15:06:26.560,-0.802
3/13/2018 15:06:26.610,-0.802
3/13/2018 15:06:26.660,-0.802
3/13/2018 15:06:26.710,-0.802
3/13/2018 15:06:26.760,-0.802
3/13/2018 15:06:26.810,-0.802
3/13/2018 15:06:26.860,-0.802
3/13/2018 15:06:26.910,-0.802
3/13/2018 15:06:26.960,-0.802
3/13/2018 15:06:27.010,-0.802
3/13/2018 15:06:27.060,-0.803
3/13/2018 15:06:27.110,-0.819
3/13/2018 15:06:27.160,-0.831
3/13/2018 15:06:27.210,-0.834
3/13/2018 15:06:27.260,-0.836
3/13/2018 15:06:27.310,-0.837
3/13/2018 15:06:27.360,-0.837
3/13/2018 15:06:27.410,-0.837
3/13/2018 15:06:27.460,-0.837
3/13/2018 15:06:27.510,-0.837
3/13/2018 15:06:27.560,-0.837
3/13/2018 15:06:27.610,-0.837
3/13/2018 15:06:27.660,-0.837
3/13/2018 15:06:27.710,-0.837
3/13/2018 15:06:27.760,-0.837
3/13/2018 15:06:27.810,-0.837
3/13/2018 15:06:27.860,-0.837
3/13/2018 15:06:27.910,-0.837
3/13/2018 15:06:27.960,-0.837
3/13/2018 15:06:28.010,-0.837
3/13/2018 15:06:28.060,-0.837
3/13/2018 15:06:28.110,-0.837
3/13/2018 15:06:28.160,-0.837
3/13/2018 15:06:28.210,-0.836
3/13/2018 15:06:28.260,-0.836
3/13/2018 15:06:28.310,-0.836
3/13/2018 15:06:28.360,-0.836
3/13/2018 15:06:28.410,-0.837
3/13/2018 15:06:28.460,-0.837
3/13/2018 15:06:28.510,-0.837
3/13/2018 15:06:28.560,-0.837
3/13/2018 15:06:28.610,-0.836
3/13/2018 15:06:28.660,-0.836
3/13/2018 15:06:28.710,-0.836
3/13/2018 15:06:28.760,-0.836
3/13/2018 15:06:28.810,-0.836
3/13/2018 15:06:28.860,-0.837
3/13/2018 15:06:28.910,-0.837
3/13/2018 15:06:28.960,-0.837
3/13/2018 15:06:29.010,-0.837
3/13/2018 15:06:29.060,-0.837
3/13/2018 15:06:29.110,-0.837
3/13/2018 15:06:29.160,-0.837
3/13/2018 15:06:29.210,-0.837
3/13/2018 15:06:29.260,-0.837
3/13/2018 15:06:29.310,-0.837
3/13/2018 15:06:29.360,-0.836
3/13/2018 15:06:29.410,-0.836
3/13/2018 15:06:29.460,-0.836
3/13/2018 15:06:29.510,-0.836
3/13/2018 15:06:29.560,-0.836
3/13/2018 15:06:29.610,-0.836
3/13/2018 15:06:29.660,-0.836
3/13/2018 15:06:29.710,-0.836
3/13/2018 15:06:29.760,-0.836
3/13/2018 15:06:29.810,-0.836
3/13/2018 15:06:29.860,-0.836
3/13/2018 15:06:29.910,-0.836
3/13/2018 15:06:29.960,-0.837
3/13/2018 15:06:30.010,-0.837
3/13/2018 15:06:30.060,-0.837
3/13/2018 15:06:30.110,-0.837
3/13/2018 15:06:30.160,-0.837
3/13/2018 15:06:30.210,-0.836
3/13/2018 15:06:30.260,-0.836
3/13/2018 15:06:30.310,-0.836
3/13/2018 15:06:30.360,-0.836
3/13/2018 15:06:30.410,-0.836
3/13/2018 15:06:30.460,-0.836
3/13/2018 15:06:30.510,-0.836
3/13/2018 15:06:30.560,-0.836
3/13/2018 15:06:30.610,-0.836
3/13/2018 15:06:30.660,-0.837
3/13/2018 15:06:30.710,-0.837
3/13/2018 15:06:30.760,-0.837
3/13/2018 15:06:30.810,-0.837
3/13/2018 15:06:30.860,-0.837
3/13/2018 15:06:30.910,-0.836
3/13/2018 15:06:30.960,-0.837
3/13/2018 15:06:31.010,-0.837
3/13/2018 15:06:31.060,-0.836
3/13/2018 15:06:31.110,-0.837
3/13/2018 15:06:31.160,-0.837
3/13/2018 15:06:31.210,-0.836
3/13/2018 15:06:31.260,-0.837
3/13/2018 15:06:31.310,-0.837
3/13/2018 15:06:31.360,-0.837
3/13/2018 15:06:31.410,-0.837
3/13/2018 15:06:31.460,-0.837
3/13/2018 15:06:31.510,-0.837
3/13/2018 15:06:31.560,-0.837
3/13/2018 15:06:31.610,-0.837
3/13/2018 15:06:31.660,-0.837
3/13/2018 15:06:31.710,-0.837
3/13/2018 15:06:31.760,-0.837
3/13/2018 15:06:31.810,-0.837
3/13/2018 15:06:31.860,-0.836
3/13/2018 15:06:31.910,-0.836
3/13/2018 15:06:31.960,-0.837
3/13/2018 15:06:32.010,-0.837
3/13/2018 15:06:32.060,-0.836
3/13/2018 15:06:32.110,-0.837
3/13/2018 15:06:32.160,-0.837
3/13/2018 15:06:32.210,-0.837
3/13/2018 15:06:32.260,-0.837
3/13/2018 15:06:32.310,-0.836
3/13/2018 15:06:32.360,-0.836
3/13/2018 15:06:32.410,-0.836
3/13/2018 15:06:32.460,-0.836
3/13/2018 15:06:32.510,-0.836
3/13/2018 15:06:32.560,-0.837
3/13/2018 15:06:32.610,-0.836
3/13/2018 15:06:32.660,-0.836
3/13/2018 15:06:32.710,-0.836
3/13/2018 15:06:32.760,-0.836
3/13/2018 15:06:32.810,-0.836
3/13/2018 15:06:32.860,-0.836
3/13/2018 15:06:32.910,-0.837
3/13/2018 15:06:32.960,-0.837
3/13/2018 15:06:33.010,-0.837
3/13/2018 15:06:33.060,-0.836
3/13/2018 15:06:33.110,-0.836
3/13/2018 15:06:33.160,-0.836
3/13/2018 15:06:33.210,-0.836
3/13/2018 15:06:33.260,-0.836
3/13/2018 15:06:33.310,-0.836
3/13/2018 15:06:33.360,-0.836
3/13/2018 15:06:33.410,-0.836
3/13/2018 15:06:33.460,-0.836
3/13/2018 15:06:33.510,-0.837
3/13/2018 15:06:33.560,-0.836
3/13/2018 15:06:33.610,-0.836
3/13/2018 15:06:33.660,-0.836
3/13/2018 15:06:33.710,-0.836
3/13/2018 15:06:33.760,-0.836
3/13/2018 15:06:33.810,-0.836
3/13/2018 15:06:33.860,-0.836
3/13/2018 15:06:33.910,-0.836
3/13/2018 15:06:33.960,-0.836
3/13/2018 15:06:34.010,-0.836
3/13/2018 15:06:34.060,-0.836
3/13/2018 15:06:34.110,-0.836
3/13/2018 15:06:34.160,-0.836
3/13/2018 15:06:34.210,-0.836
3/13/2018 15:06:34.260,-0.836
3/13/2018 15:06:34.310,-0.836
3/13/2018 15:06:34.360,-0.836
3/13/2018 15:06:34.410,-0.836
3/13/2018 15:06:34.460,-0.836
3/13/2018 15:06:34.510,-0.836
3/13/2018 15:06:34.560,-0.836
3/13/2018 15:06:34.610,-0.836
3/13/2018 15:06:34.660,-0.836
3/13/2018 15:06:34.710,-0.836
3/13/2018 15:06:34.760,-0.836
3/13/2018 15:06:34.810,-0.836
3/13/2018 15:06:34.860,-0.836
3/13/2018 15:06:34.910,-0.836
3/13/2018 15:06:34.960,-0.836
3/13/2018 15:06:35.010,-0.836
3/13/2018 15:06:35.060,-0.836
3/13/2018 15:06:35.110,-0.836
3/13/2018 15:06:35.160,-0.836
3/13/2018 15:06:35.210,-0.836
3/13/2018 15:06:35.260,-0.836
3/13/2018 15:06:35.310,-0.836
3/13/2018 15:06:35.360,-0.836
3/13/2018 15:06:35.410,-0.836
3/13/2018 15:06:35.460,-0.836
3/13/2018 15:06:35.510,-0.836
3/13/2018 15:06:35.560,-0.836
3/13/2018 15:06:35.610,-0.836
3/13/2018 15:06:35.660,-0.836
3/13/2018 15:06:35.710,-0.836
3/13/2018 15:06:35.760,-0.836
3/13/2018 15:06:35.810,-0.836
3/13/2018 15:06:35.860,-0.836
3/13/2018 15:06:35.910,-0.836
3/13/2018 15:06:35.960,-0.836
3/13/2018 15:06:36.010,-0.836
3/13/2018 15:06:36.060,-0.836
3/13/2018 15:06:36.110,-0.836
3/13/2018 15:06:36.160,-0.836
3/13/2018 15:06:36.210,-0.836
3/13/2018 15:06:36.260,-0.836
3/13/2018 15:06:36.310,-0.836
3/13/2018 15:06:36.360,-0.836
3/13/2018 15:06:36.410,-0.836
3/13/2018 15:06:36.460,-0.836
3/13/2018 15:06:36.510,-0.836
3/13/2018 15:06:36.560,-0.836
3/13/2018 15:06:36.610,-0.836
3/13/2018 15:06:36.660,-0.836
3/13/2018 15:06:36.710,-0.836
3/13/2018 15:06:36.760,-0.836
3/13/2018 15:06:36.810,-0.836
3/13/2018 15:06:36.860,-0.836
3/13/2018 15:06:36.910,-0.836
3/13/2018 15:06:36.960,-0.836
3/13/2018 15:06:37.009,-0.836
3/13/2018 15:06:37.059,-0.836
3/13/2018 15:06:37.110,-0.836
3/13/2018 15:06:37.159,-0.836
3/13/2018 15:06:37.209,-0.836
3/13/2018 15:06:37.259,-0.836
3/13/2018 15:06:37.309,-0.836
3/13/2018 15:06:37.359,-0.836
3/13/2018 15:06:37.409,-0.836
3/13/2018 15:06:37.459,-0.836
3/13/2018 15:06:37.509,-0.836
3/13/2018 15:06:37.559,-0.836
3/13/2018 15:06:37.609,-0.836
3/13/2018 15:06:37.659,-0.836
3/13/2018 15:06:37.709,-0.836
3/13/2018 15:06:37.759,-0.836
3/13/2018 15:06:37.809,-0.836
3/13/2018 15:06:37.859,-0.836
3/13/2018 15:06:37.909,-0.836
3/13/2018 15:06:37.959,-0.836
3/13/2018 15:06:38.009,-0.836
3/13/2018 15:06:38.059,-0.836
3/13/2018 15:06:38.109,-0.836
3/13/2018 15:06:38.159,-0.836
3/13/2018 15:06:38.209,-0.836
3/13/2018 15:06:38.259,-0.836
3/13/2018 15:06:38.309,-0.836
3/13/2018 15:06:38.359,-0.836
3/13/2018 15:06:38.409,-0.836
3/13/2018 15:06:38.459,-0.836
3/13/2018 15:06:38.509,-0.836
3/13/2018 15:06:38.559,-0.836
3/13/2018 15:06:38.609,-0.836
3/13/2018 15:06:38.659,-0.836
3/13/2018 15:06:38.709,-0.836
3/13/2018 15:06:38.759,-0.836
3/13/2018 15:06:38.809,-0.836
3/13/2018 15:06:38.859,-0.836
3/13/2018 15:06:38.909,-0.836
3/13/2018 15:06:38.959,-0.836
3/13/2018 15:06:39.009,-0.836
3/13/2018 15:06:39.059,-0.836
3/13/2018 15:06:39.109,-0.836
3/13/2018 15:06:39.160,-0.836
3/13/2018 15:06:39.210,-0.836
3/13/2018 15:06:39.259,-0.836
3/13/2018 15:06:39.309,-0.835
3/13/2018 15:06:39.359,-0.835
3/13/2018 15:06:39.409,-0.835
3/13/2018 15:06:39.459,-0.836
3/13/2018 15:06:39.509,-0.836
3/13/2018 15:06:39.559,-0.836
3/13/2018 15:06:39.609,-0.836
3/13/2018 15:06:39.659,-0.836
3/13/2018 15:06:39.709,-0.836
3/13/2018 15:06:39.759,-0.836
3/13/2018 15:06:39.809,-0.836
3/13/2018 15:06:39.859,-0.836
3/13/2018 15:06:39.909,-0.836
3/13/2018 15:06:39.959,-0.836
3/13/2018 15:06:40.010,-0.836
3/13/2018 15:06:40.059,-0.835
3/13/2018 15:06:40.109,-0.836
3/13/2018 15:06:40.159,-0.836
3/13/2018 15:06:40.210,-0.836
3/13/2018 15:06:40.259,-0.836
3/13/2018 15:06:40.309,-0.836
3/13/2018 15:06:40.359,-0.836
3/13/2018 15:06:40.409,-0.836
3/13/2018 15:06:40.459,-0.836
3/13/2018 15:06:40.509,-0.836
3/13/2018 15:06:40.559,-0.836
3/13/2018 15:06:40.609,-0.836
3/13/2018 15:06:40.659,-0.836
3/13/2018 15:06:40.709,-0.836
3/13/2018 15:06:40.759,-0.836
3/13/2018 15:06:40.809,-0.836
3/13/2018 15:06:40.859,-0.836
3/13/2018 15:06:40.909,-0.836
3/13/2018 15:06:40.959,-0.836
3/13/2018 15:06:41.009,-0.836
3/13/2018 15:06:41.059,-0.836
3/13/2018 15:06:41.109,-0.836
3/13/2018 15:06:41.159,-0.836
3/13/2018 15:06:41.209,-0.836
3/13/2018 15:06:41.260,-0.836
3/13/2018 15:06:41.309,-0.836
3/13/2018 15:06:41.359,-0.836
3/13/2018 15:06:41.409,-0.836
3/13/2018 15:06:41.459,-0.836
3/13/2018 15:06:41.509,-0.836
3/13/2018 15:06:41.559,-0.836
3/13/2018 15:06:41.609,-0.836
3/13/2018 15:06:41.659,-0.836
3/13/2018 15:06:41.709,-0.836
3/13/2018 15:06:41.759,-0.836
3/13/2018 15:06:41.809,-0.836
3/13/2018 15:06:41.859,-0.836
3/13/2018 15:06:41.909,-0.836
3/13/2018 15:06:41.959,-0.836
3/13/2018 15:06:42.009,-0.836
3/13/2018 15:06:42.059,-0.836
3/13/2018 15:06:42.109,-0.836
3/13/2018 15:06:42.159,-0.836
3/13/2018 15:06:42.209,-0.836
3/13/2018 15:06:42.259,-0.836
3/13/2018 15:06:42.310,-0.836
3/13/2018 15:06:42.359,-0.836
3/13/2018 15:06:42.409,-0.837
3/13/2018 15:06:42.459,-0.836
3/13/2018 15:06:42.509,-0.836
3/13/2018 15:06:42.559,-0.836
3/13/2018 15:06:42.609,-0.836
3/13/2018 15:06:42.659,-0.836
3/13/2018 15:06:42.709,-0.836
3/13/2018 15:06:42.759,-0.836
3/13/2018 15:06:42.809,-0.836
3/13/2018 15:06:42.859,-0.836
3/13/2018 15:06:42.909,-0.836
3/13/2018 15:06:42.959,-0.836
3/13/2018 15:06:43.009,-0.836
3/13/2018 15:06:43.059,-0.836
3/13/2018 15:06:43.110,-0.837
3/13/2018 15:06:43.160,-0.837
3/13/2018 15:06:43.209,-0.837
3/13/2018 15:06:43.259,-0.836
3/13/2018 15:06:43.309,-0.836
3/13/2018 15:06:43.359,-0.836
3/13/2018 15:06:43.409,-0.836
3/13/2018 15:06:43.459,-0.836
3/13/2018 15:06:43.509,-0.836
3/13/2018 15:06:43.559,-0.836
3/13/2018 15:06:43.609,-0.836
3/13/2018 15:06:43.659,-0.836
3/13/2018 15:06:43.709,-0.836
3/13/2018 15:06:43.759,-0.836
3/13/2018 15:06:43.809,-0.836
3/13/2018 15:06:43.859,-0.836
3/13/2018 15:06:43.909,-0.836
3/13/2018 15:06:43.959,-0.836
3/13/2018 15:06:44.009,-0.836
3/13/2018 15:06:44.059,-0.836
3/13/2018 15:06:44.109,-0.836
3/13/2018 15:06:44.159,-0.836
3/13/2018 15:06:44.209,-0.836
3/13/2018 15:06:44.259,-0.836
3/13/2018 15:06:44.309,-0.836
3/13/2018 15:06:44.360,-0.836
3/13/2018 15:06:44.410,-0.836
3/13/2018 15:06:44.459,-0.836
3/13/2018 15:06:44.509,-0.836
3/13/2018 15:06:44.559,-0.836
3/13/2018 15:06:44.609,-0.836
3/13/2018 15:06:44.659,-0.836
3/13/2018 15:06:44.709,-0.836
3/13/2018 15:06:44.759,-0.836
3/13/2018 15:06:44.809,-0.836
3/13/2018 15:06:44.859,-0.836
3/13/2018 15:06:44.909,-0.836
3/13/2018 15:06:44.959,-0.836
3/13/2018 15:06:45.009,-0.836
3/13/2018 15:06:45.059,-0.836
3/13/2018 15:06:45.109,-0.836
3/13/2018 15:06:45.159,-0.836
3/13/2018 15:06:45.209,-0.836
3/13/2018 15:06:45.259,-0.836
3/13/2018 15:06:45.309,-0.836
3/13/2018 15:06:45.359,-0.836
3/13/2018 15:06:45.410,-0.836
3/13/2018 15:06:45.459,-0.836
3/13/2018 15:06:45.509,-0.836
3/13/2018 15:06:45.559,-0.836
3/13/2018 15:06:45.609,-0.836
3/13/2018 15:06:45.659,-0.836
3/13/2018 15:06:45.709,-0.836
3/13/2018 15:06:45.759,-0.836
3/13/2018 15:06:45.809,-0.836
3/13/2018 15:06:45.859,-0.836
3/13/2018 15:06:45.909,-0.836
3/13/2018 15:06:45.960,-0.836
3/13/2018 15:06:46.009,-0.836
3/13/2018 15:06:46.059,-0.836
3/13/2018 15:06:46.110,-0.836
3/13/2018 15:06:46.159,-0.836
3/13/2018 15:06:46.209,-0.836
3/13/2018 15:06:46.259,-0.836
3/13/2018 15:06:46.309,-0.836
3/13/2018 15:06:46.359,-0.836
3/13/2018 15:06:46.409,-0.836
3/13/2018 15:06:46.460,-0.837
3/13/2018 15:06:46.510,-0.836
3/13/2018 15:06:46.559,-0.836
3/13/2018 15:06:46.609,-0.836
3/13/2018 15:06:46.659,-0.836
3/13/2018 15:06:46.709,-0.836
3/13/2018 15:06:46.759,-0.836
3/13/2018 15:06:46.809,-0.836
3/13/2018 15:06:46.859,-0.836
3/13/2018 15:06:46.909,-0.836
3/13/2018 15:06:46.959,-0.836
3/13/2018 15:06:47.009,-0.836
3/13/2018 15:06:47.059,-0.836
3/13/2018 15:06:47.109,-0.836
3/13/2018 15:06:47.159,-0.836
3/13/2018 15:06:47.209,-0.836
3/13/2018 15:06:47.259,-0.836
3/13/2018 15:06:47.309,-0.836
3/13/2018 15:06:47.359,-0.836
3/13/2018 15:06:47.409,-0.836
3/13/2018 15:06:47.459,-0.836
3/13/2018 15:06:47.510,-0.836
3/13/2018 15:06:47.559,-0.836
3/13/2018 15:06:47.609,-0.836
3/13/2018 15:06:47.659,-0.836
3/13/2018 15:06:47.709,-0.836
3/13/2018 15:06:47.759,-0.836
3/13/2018 15:06:47.809,-0.836
3/13/2018 15:06:47.859,-0.836
3/13/2018 15:06:47.909,-0.836
3/13/2018 15:06:47.959,-0.836
3/13/2018 15:06:48.009,-0.836
3/13/2018 15:06:48.059,-0.836
3/13/2018 15:06:48.109,-0.836
3/13/2018 15:06:48.159,-0.836
3/13/2018 15:06:48.209,-0.836
3/13/2018 15:06:48.259,-0.836
3/13/2018 15:06:48.309,-0.836
3/13/2018 15:06:48.359,-0.836
3/13/2018 15:06:48.409,-0.836
3/13/2018 15:06:48.459,-0.836
3/13/2018 15:06:48.509,-0.836
3/13/2018 15:06:48.559,-0.836
3/13/2018 15:06:48.609,-0.836
3/13/2018 15:06:48.659,-0.836
3/13/2018 15:06:48.709,-0.836
3/13/2018 15:06:48.759,-0.836
3/13/2018 15:06:48.809,-0.836
3/13/2018 15:06:48.859,-0.836
3/13/2018 15:06:48.909,-0.836
3/13/2018 15:06:48.959,-0.836
3/13/2018 15:06:49.009,-0.836
3/13/2018 15:06:49.059,-0.836
3/13/2018 15:06:49.109,-0.836
3/13/2018 15:06:49.159,-0.837
3/13/2018 15:06:49.209,-0.836
3/13/2018 15:06:49.259,-0.836
3/13/2018 15:06:49.309,-0.836
3/13/2018 15:06:49.359,-0.836
3/13/2018 15:06:49.409,-0.836
3/13/2018 15:06:49.459,-0.836
3/13/2018 15:06:49.509,-0.836
3/13/2018 15:06:49.559,-0.836
3/13/2018 15:06:49.609,-0.836
3/13/2018 15:06:49.659,-0.836
3/13/2018 15:06:49.709,-0.836
3/13/2018 15:06:49.759,-0.836
3/13/2018 15:06:49.809,-0.837
3/13/2018 15:06:49.859,-0.836
3/13/2018 15:06:49.909,-0.836
3/13/2018 15:06:49.959,-0.836
3/13/2018 15:06:50.009,-0.836
3/13/2018 15:06:50.059,-0.836
3/13/2018 15:06:50.109,-0.836
3/13/2018 15:06:50.159,-0.836
3/13/2018 15:06:50.209,-0.836
3/13/2018 15:06:50.259,-0.836
3/13/2018 15:06:50.309,-0.837
3/13/2018 15:06:50.359,-0.837
3/13/2018 15:06:50.409,-0.837
3/13/2018 15:06:50.459,-0.837
3/13/2018 15:06:50.509,-0.837
3/13/2018 15:06:50.559,-0.836
3/13/2018 15:06:50.609,-0.837
3/13/2018 15:06:50.659,-0.837
3/13/2018 15:06:50.709,-0.837
3/13/2018 15:06:50.759,-0.837
3/13/2018 15:06:50.809,-0.837
3/13/2018 15:06:50.859,-0.837
3/13/2018 15:06:50.909,-0.837
3/13/2018 15:06:50.959,-0.837
3/13/2018 15:06:51.009,-0.837
3/13/2018 15:06:51.059,-0.836
3/13/2018 15:06:51.109,-0.836
3/13/2018 15:06:51.159,-0.836
3/13/2018 15:06:51.209,-0.836
3/13/2018 15:06:51.259,-0.836
3/13/2018 15:06:51.309,-0.837
3/13/2018 15:06:51.359,-0.836
3/13/2018 15:06:51.409,-0.836
3/13/2018 15:06:51.459,-0.836
3/13/2018 15:06:51.509,-0.836
3/13/2018 15:06:51.559,-0.836
3/13/2018 15:06:51.609,-0.836
3/13/2018 15:06:51.659,-0.836
3/13/2018 15:06:51.709,-0.836
3/13/2018 15:06:51.759,-0.836
3/13/2018 15:06:51.809,-0.836
3/13/2018 15:06:51.859,-0.836
3/13/2018 15:06:51.909,-0.836
3/13/2018 15:06:51.959,-0.836
3/13/2018 15:06:52.009,-0.836
3/13/2018 15:06:52.059,-0.836
3/13/2018 15:06:52.109,-0.836
3/13/2018 15:06:52.159,-0.836
3/13/2018 15:06:52.209,-0.836
3/13/2018 15:06:52.259,-0.836
3/13/2018 15:06:52.309,-0.837
3/13/2018 15:06:52.359,-0.837
3/13/2018 15:06:52.409,-0.837
3/13/2018 15:06:52.459,-0.837
3/13/2018 15:06:52.509,-0.837
3/13/2018 15:06:52.559,-0.836
3/13/2018 15:06:52.609,-0.836
3/13/2018 15:06:52.659,-0.836
3/13/2018 15:06:52.710,-0.836
3/13/2018 15:06:52.759,-0.836
3/13/2018 15:06:52.809,-0.836
3/13/2018 15:06:52.859,-0.836
3/13/2018 15:06:52.909,-0.836
3/13/2018 15:06:52.959,-0.836
3/13/2018 15:06:53.009,-0.836
3/13/2018 15:06:53.059,-0.836
3/13/2018 15:06:53.109,-0.836
3/13/2018 15:06:53.159,-0.837
3/13/2018 15:06:53.209,-0.837
3/13/2018 15:06:53.259,-0.836
3/13/2018 15:06:53.309,-0.837
3/13/2018 15:06:53.359,-0.837
3/13/2018 15:06:53.409,-0.837
3/13/2018 15:06:53.459,-0.837
3/13/2018 15:06:53.509,-0.837
3/13/2018 15:06:53.559,-0.837
3/13/2018 15:06:53.609,-0.837
3/13/2018 15:06:53.659,-0.837
3/13/2018 15:06:53.709,-0.837
3/13/2018 15:06:53.759,-0.837
3/13/2018 15:06:53.809,-0.837
3/13/2018 15:06:53.859,-0.837
3/13/2018 15:06:53.909,-0.837
3/13/2018 15:06:53.959,-0.837
3/13/2018 15:06:54.009,-0.837
3/13/2018 15:06:54.059,-0.837
3/13/2018 15:06:54.109,-0.837
3/13/2018 15:06:54.159,-0.837
3/13/2018 15:06:54.209,-0.837
3/13/2018 15:06:54.259,-0.837
3/13/2018 15:06:54.309,-0.837
3/13/2018 15:06:54.359,-0.836
3/13/2018 15:06:54.409,-0.836
3/13/2018 15:06:54.459,-0.836
3/13/2018 15:06:54.509,-0.836
3/13/2018 15:06:54.559,-0.837
3/13/2018 15:06:54.609,-0.836
3/13/2018 15:06:54.659,-0.836
3/13/2018 15:06:54.709,-0.836
3/13/2018 15:06:54.759,-0.836
3/13/2018 15:06:54.809,-0.836
3/13/2018 15:06:54.859,-0.836
3/13/2018 15:06:54.909,-0.836
3/13/2018 15:06:54.959,-0.836
3/13/2018 15:06:55.009,-0.836
3/13/2018 15:06:55.059,-0.836
3/13/2018 15:06:55.109,-0.836
3/13/2018 15:06:55.159,-0.836
3/13/2018 15:06:55.209,-0.836
3/13/2018 15:06:55.259,-0.836
3/13/2018 15:06:55.309,-0.836
3/13/2018 15:06:55.359,-0.836
3/13/2018 15:06:55.409,-0.836
3/13/2018 15:06:55.459,-0.836
3/13/2018 15:06:55.509,-0.836
3/13/2018 15:06:55.559,-0.836
3/13/2018 15:06:55.609,-0.836
3/13/2018 15:06:55.659,-0.836
3/13/2018 15:06:55.709,-0.836
3/13/2018 15:06:55.759,-0.836
3/13/2018 15:06:55.809,-0.836
3/13/2018 15:06:55.859,-0.836
3/13/2018 15:06:55.909,-0.836
3/13/2018 15:06:55.959,-0.836
3/13/2018 15:06:56.009,-0.836
3/13/2018 15:06:56.059,-0.836
3/13/2018 15:06:56.109,-0.836
3/13/2018 15:06:56.159,-0.837
3/13/2018 15:06:56.209,-0.836
3/13/2018 15:06:56.259,-0.836
3/13/2018 15:06:56.309,-0.836
3/13/2018 15:06:56.359,-0.837
3/13/2018 15:06:56.409,-0.837
3/13/2018 15:06:56.459,-0.836
3/13/2018 15:06:56.509,-0.836
3/13/2018 15:06:56.559,-0.836
3/13/2018 15:06:56.609,-0.836
3/13/2018 15:06:56.659,-0.837
3/13/2018 15:06:56.709,-0.837
3/13/2018 15:06:56.759,-0.837
3/13/2018 15:06:56.809,-0.837
3/13/2018 15:06:56.859,-0.837
3/13/2018 15:06:56.909,-0.837
3/13/2018 15:06:56.959,-0.837
3/13/2018 15:06:57.009,-0.836
3/13/2018 15:06:57.059,-0.836
3/13/2018 15:06:57.109,-0.836
3/13/2018 15:06:57.159,-0.836
3/13/2018 15:06:57.209,-0.836
3/13/2018 15:06:57.259,-0.836
3/13/2018 15:06:57.309,-0.836
3/13/2018 15:06:57.359,-0.836
3/13/2018 15:06:57.409,-0.836
3/13/2018 15:06:57.459,-0.836
3/13/2018 15:06:57.509,-0.836
3/13/2018 15:06:57.559,-0.836
3/13/2018 15:06:57.609,-0.836
3/13/2018 15:06:57.659,-0.836
3/13/2018 15:06:57.709,-0.836
3/13/2018 15:06:57.759,-0.836
3/13/2018 15:06:57.809,-0.836
3/13/2018 15:06:57.859,-0.836
3/13/2018 15:06:57.909,-0.836
3/13/2018 15:06:57.959,-0.836
3/13/2018 15:06:58.009,-0.836
3/13/2018 15:06:58.059,-0.836
3/13/2018 15:06:58.109,-0.837
3/13/2018 15:06:58.159,-0.837
3/13/2018 15:06:58.209,-0.837
3/13/2018 15:06:58.259,-0.837
3/13/2018 15:06:58.309,-0.836
3/13/2018 15:06:58.359,-0.836
3/13/2018 15:06:58.409,-0.836
3/13/2018 15:06:58.459,-0.836
3/13/2018 15:06:58.509,-0.836
3/13/2018 15:06:58.559,-0.836
3/13/2018 15:06:58.609,-0.836
3/13/2018 15:06:58.659,-0.836
3/13/2018 15:06:58.709,-0.836
3/13/2018 15:06:58.759,-0.836
3/13/2018 15:06:58.809,-0.836
3/13/2018 15:06:58.859,-0.836
3/13/2018 15:06:58.909,-0.836
3/13/2018 15:06:58.959,-0.836
3/13/2018 15:06:59.009,-0.836
3/13/2018 15:06:59.059,-0.836
3/13/2018 15:06:59.109,-0.836
3/13/2018 15:06:59.159,-0.836
3/13/2018 15:06:59.209,-0.836
3/13/2018 15:06:59.259,-0.836
3/13/2018 15:06:59.309,-0.837
3/13/2018 15:06:59.359,-0.836
3/13/2018 15:06:59.409,-0.836
3/13/2018 15:06:59.459,-0.836
3/13/2018 15:06:59.509,-0.836
3/13/2018 15:06:59.559,-0.836
3/13/2018 15:06:59.609,-0.836
3/13/2018 15:06:59.659,-0.836
3/13/2018 15:06:59.709,-0.836
3/13/2018 15:06:59.759,-0.836
3/13/2018 15:06:59.809,-0.836
3/13/2018 15:06:59.859,-0.836
3/13/2018 15:06:59.909,-0.836
3/13/2018 15:06:59.959,-0.836
3/13/2018 15:07:00.009,-0.836
3/13/2018 15:07:00.059,-0.836
3/13/2018 15:07:00.109,-0.836
3/13/2018 15:07:00.159,-0.836
3/13/2018 15:07:00.209,-0.836
3/13/2018 15:07:00.259,-0.836
3/13/2018 15:07:00.309,-0.836
3/13/2018 15:07:00.359,-0.836
3/13/2018 15:07:00.409,-0.836
3/13/2018 15:07:00.459,-0.836
3/13/2018 15:07:00.509,-0.836
3/13/2018 15:07:00.559,-0.836
3/13/2018 15:07:00.609,-0.836
3/13/2018 15:07:00.659,-0.836
3/13/2018 15:07:00.709,-0.836
3/13/2018 15:07:00.759,-0.836
3/13/2018 15:07:00.809,-0.836
3/13/2018 15:07:00.859,-0.836
3/13/2018 15:07:00.909,-0.836
3/13/2018 15:07:00.959,-0.836
3/13/2018 15:07:01.009,-0.836
3/13/2018 15:07:01.059,-0.836
3/13/2018 15:07:01.109,-0.836
3/13/2018 15:07:01.159,-0.836
3/13/2018 15:07:01.209,-0.836
3/13/2018 15:07:01.259,-0.836
3/13/2018 15:07:01.309,-0.836
3/13/2018 15:07:01.359,-0.836
3/13/2018 15:07:01.409,-0.836
3/13/2018 15:07:01.459,-0.836
3/13/2018 15:07:01.509,-0.836
3/13/2018 15:07:01.559,-0.836
3/13/2018 15:07:01.609,-0.836
3/13/2018 15:07:01.659,-0.836
3/13/2018 15:07:01.709,-0.836
3/13/2018 15:07:01.759,-0.836
3/13/2018 15:07:01.809,-0.836
3/13/2018 15:07:01.859,-0.836
3/13/2018 15:07:01.909,-0.836
3/13/2018 15:07:01.959,-0.837
3/13/2018 15:07:02.009,-0.837
3/13/2018 15:07:02.059,-0.837
3/13/2018 15:07:02.109,-0.837
3/13/2018 15:07:02.159,-0.837
3/13/2018 15:07:02.209,-0.837
3/13/2018 15:07:02.259,-0.837
3/13/2018 15:07:02.309,-0.837
3/13/2018 15:07:02.359,-0.837
3/13/2018 15:07:02.409,-0.837
3/13/2018 15:07:02.459,-0.837
3/13/2018 15:07:02.509,-0.837
3/13/2018 15:07:02.559,-0.837
3/13/2018 15:07:02.609,-0.837
3/13/2018 15:07:02.659,-0.837
3/13/2018 15:07:02.709,-0.837
3/13/2018 15:07:02.759,-0.837
3/13/2018 15:07:02.809,-0.837
3/13/2018 15:07:02.859,-0.837
3/13/2018 15:07:02.909,-0.837
3/13/2018 15:07:02.959,-0.836
3/13/2018 15:07:03.009,-0.836
3/13/2018 15:07:03.059,-0.836
3/13/2018 15:07:03.109,-0.836
3/13/2018 15:07:03.159,-0.836
3/13/2018 15:07:03.209,-0.836
3/13/2018 15:07:03.259,-0.836
3/13/2018 15:07:03.309,-0.836
3/13/2018 15:07:03.359,-0.837
3/13/2018 15:07:03.409,-0.837
3/13/2018 15:07:03.459,-0.836
3/13/2018 15:07:03.509,-0.836
3/13/2018 15:07:03.559,-0.836
3/13/2018 15:07:03.609,-0.836
3/13/2018 15:07:03.659,-0.836
3/13/2018 15:07:03.709,-0.836
3/13/2018 15:07:03.759,-0.836
3/13/2018 15:07:03.809,-0.836
3/13/2018 15:07:03.859,-0.836
3/13/2018 15:07:03.909,-0.836
3/13/2018 15:07:03.959,-0.836
3/13/2018 15:07:04.009,-0.836
3/13/2018 15:07:04.059,-0.836
3/13/2018 15:07:04.109,-0.836
3/13/2018 15:07:04.159,-0.836
3/13/2018 15:07:04.209,-0.836
3/13/2018 15:07:04.259,-0.836
3/13/2018 15:07:04.309,-0.836
3/13/2018 15:07:04.359,-0.836
3/13/2018 15:07:04.409,-0.836
3/13/2018 15:07:04.459,-0.836
3/13/2018 15:07:04.509,-0.836
3/13/2018 15:07:04.559,-0.836
3/13/2018 15:07:04.609,-0.836
3/13/2018 15:07:04.659,-0.836
3/13/2018 15:07:04.709,-0.836
3/13/2018 15:07:04.759,-0.836
3/13/2018 15:07:04.809,-0.836
3/13/2018 15:07:04.859,-0.836
3/13/2018 15:07:04.909,-0.836
3/13/2018 15:07:04.959,-0.836
3/13/2018 15:07:05.008,-0.836
3/13/2018 15:07:05.058,-0.836
3/13/2018 15:07:05.108,-0.836
3/13/2018 15:07:05.158,-0.836
3/13/2018 15:07:05.208,-0.836
3/13/2018 15:07:05.258,-0.836
3/13/2018 15:07:05.308,-0.836
3/13/2018 15:07:05.358,-0.836
3/13/2018 15:07:05.408,-0.836
3/13/2018 15:07:05.458,-0.836
3/13/2018 15:07:05.508,-0.836
3/13/2018 15:07:05.558,-0.836
3/13/2018 15:07:05.609,-0.836
3/13/2018 15:07:05.658,-0.836
3/13/2018 15:07:05.708,-0.836
3/13/2018 15:07:05.758,-0.836
3/13/2018 15:07:05.808,-0.836
3/13/2018 15:07:05.859,-0.836
3/13/2018 15:07:05.908,-0.836
3/13/2018 15:07:05.958,-0.836
3/13/2018 15:07:06.008,-0.836
3/13/2018 15:07:06.058,-0.836
3/13/2018 15:07:06.109,-0.836
3/13/2018 15:07:06.158,-0.836
3/13/2018 15:07:06.209,-0.836
3/13/2018 15:07:06.258,-0.836
3/13/2018 15:07:06.308,-0.836
3/13/2018 15:07:06.358,-0.837
3/13/2018 15:07:06.408,-0.836
3/13/2018 15:07:06.458,-0.836
3/13/2018 15:07:06.508,-0.836
3/13/2018 15:07:06.558,-0.836
3/13/2018 15:07:06.608,-0.836
3/13/2018 15:07:06.658,-0.836
3/13/2018 15:07:06.708,-0.836
3/13/2018 15:07:06.758,-0.836
3/13/2018 15:07:06.808,-0.836
3/13/2018 15:07:06.858,-0.836
3/13/2018 15:07:06.908,-0.836
3/13/2018 15:07:06.958,-0.836
3/13/2018 15:07:07.008,-0.836
3/13/2018 15:07:07.058,-0.836
3/13/2018 15:07:07.108,-0.836
3/13/2018 15:07:07.158,-0.836
3/13/2018 15:07:07.208,-0.836
3/13/2018 15:07:07.259,-0.836
3/13/2018 15:07:07.308,-0.836
3/13/2018 15:07:07.358,-0.836
3/13/2018 15:07:07.408,-0.836
3/13/2018 15:07:07.458,-0.836
3/13/2018 15:07:07.508,-0.836
3/13/2018 15:07:07.558,-0.836
3/13/2018 15:07:07.608,-0.836
3/13/2018 15:07:07.658,-0.836
3/13/2018 15:07:07.708,-0.836
3/13/2018 15:07:07.758,-0.836
3/13/2018 15:07:07.808,-0.836
3/13/2018 15:07:07.858,-0.836
3/13/2018 15:07:07.908,-0.836
3/13/2018 15:07:07.958,-0.836
3/13/2018 15:07:08.008,-0.836
3/13/2018 15:07:08.058,-0.836
3/13/2018 15:07:08.108,-0.836
3/13/2018 15:07:08.158,-0.836
3/13/2018 15:07:08.208,-0.836
3/13/2018 15:07:08.258,-0.836
3/13/2018 15:07:08.309,-0.836
3/13/2018 15:07:08.358,-0.836
3/13/2018 15:07:08.408,-0.836
3/13/2018 15:07:08.458,-0.836
3/13/2018 15:07:08.508,-0.836
3/13/2018 15:07:08.558,-0.836
3/13/2018 15:07:08.608,-0.836
3/13/2018 15:07:08.658,-0.836
3/13/2018 15:07:08.708,-0.836
3/13/2018 15:07:08.758,-0.836
3/13/2018 15:07:08.808,-0.836
3/13/2018 15:07:08.858,-0.836
3/13/2018 15:07:08.908,-0.836
3/13/2018 15:07:08.958,-0.836
3/13/2018 15:07:09.008,-0.836
3/13/2018 15:07:09.058,-0.836
3/13/2018 15:07:09.108,-0.836
3/13/2018 15:07:09.158,-0.836
3/13/2018 15:07:09.208,-0.836
3/13/2018 15:07:09.258,-0.836
3/13/2018 15:07:09.308,-0.836
3/13/2018 15:07:09.358,-0.836
3/13/2018 15:07:09.408,-0.836
3/13/2018 15:07:09.458,-0.836
3/13/2018 15:07:09.508,-0.836
3/13/2018 15:07:09.558,-0.836
3/13/2018 15:07:09.608,-0.836
3/13/2018 15:07:09.658,-0.836
3/13/2018 15:07:09.708,-0.836
3/13/2018 15:07:09.758,-0.836
3/13/2018 15:07:09.808,-0.836
3/13/2018 15:07:09.858,-0.836
3/13/2018 15:07:09.908,-0.836
3/13/2018 15:07:09.958,-0.836
3/13/2018 15:07:10.008,-0.836
3/13/2018 15:07:10.058,-0.836
3/13/2018 15:07:10.108,-0.836
3/13/2018 15:07:10.158,-0.836
3/13/2018 15:07:10.208,-0.836
3/13/2018 15:07:10.258,-0.836
3/13/2018 15:07:10.308,-0.836
3/13/2018 15:07:10.358,-0.836
3/13/2018 15:07:10.409,-0.836
3/13/2018 15:07:10.458,-0.836
3/13/2018 15:07:10.508,-0.836
3/13/2018 15:07:10.558,-0.836
3/13/2018 15:07:10.608,-0.836
3/13/2018 15:07:10.658,-0.836
3/13/2018 15:07:10.708,-0.836
3/13/2018 15:07:10.758,-0.836
3/13/2018 15:07:10.808,-0.836
3/13/2018 15:07:10.858,-0.836
3/13/2018 15:07:10.908,-0.836
3/13/2018 15:07:10.958,-0.836
3/13/2018 15:07:11.008,-0.836
3/13/2018 15:07:11.058,-0.836
3/13/2018 15:07:11.108,-0.836
3/13/2018 15:07:11.158,-0.836
3/13/2018 15:07:11.208,-0.836
3/13/2018 15:07:11.258,-0.836
3/13/2018 15:07:11.308,-0.836
3/13/2018 15:07:11.358,-0.836
3/13/2018 15:07:11.408,-0.836
3/13/2018 15:07:11.458,-0.836
3/13/2018 15:07:11.508,-0.836
3/13/2018 15:07:11.558,-0.836
3/13/2018 15:07:11.608,-0.836
3/13/2018 15:07:11.658,-0.836
3/13/2018 15:07:11.708,-0.836
3/13/2018 15:07:11.758,-0.836
3/13/2018 15:07:11.808,-0.836
3/13/2018 15:07:11.858,-0.836
3/13/2018 15:07:11.908,-0.836
3/13/2018 15:07:11.958,-0.836
3/13/2018 15:07:12.008,-0.836
3/13/2018 15:07:12.058,-0.836
3/13/2018 15:07:12.108,-0.836
3/13/2018 15:07:12.158,-0.836
3/13/2018 15:07:12.208,-0.836
3/13/2018 15:07:12.258,-0.836
3/13/2018 15:07:12.308,-0.836
3/13/2018 15:07:12.358,-0.836
3/13/2018 15:07:12.408,-0.836
3/13/2018 15:07:12.458,-0.836
3/13/2018 15:07:12.508,-0.836
3/13/2018 15:07:12.558,-0.836
3/13/2018 15:07:12.608,-0.836
3/13/2018 15:07:12.658,-0.836
3/13/2018 15:07:12.708,-0.836
3/13/2018 15:07:12.758,-0.836
3/13/2018 15:07:12.808,-0.836
3/13/2018 15:07:12.858,-0.836
3/13/2018 15:07:12.908,-0.836
3/13/2018 15:07:12.958,-0.836
3/13/2018 15:07:13.008,-0.836
3/13/2018 15:07:13.058,-0.836
3/13/2018 15:07:13.108,-0.836
3/13/2018 15:07:13.158,-0.836
3/13/2018 15:07:13.208,-0.836
3/13/2018 15:07:13.258,-0.836
3/13/2018 15:07:13.308,-0.836
3/13/2018 15:07:13.358,-0.836
3/13/2018 15:07:13.408,-0.836
3/13/2018 15:07:13.458,-0.836
3/13/2018 15:07:13.508,-0.836
3/13/2018 15:07:13.558,-0.836
3/13/2018 15:07:13.608,-0.836
3/13/2018 15:07:13.658,-0.836
3/13/2018 15:07:13.708,-0.836
3/13/2018 15:07:13.758,-0.836
3/13/2018 15:07:13.808,-0.836
3/13/2018 15:07:13.858,-0.836
3/13/2018 15:07:13.908,-0.836
3/13/2018 15:07:13.958,-0.836
3/13/2018 15:07:14.008,-0.836
3/13/2018 15:07:14.058,-0.836
3/13/2018 15:07:14.108,-0.836
3/13/2018 15:07:14.158,-0.836
3/13/2018 15:07:14.208,-0.836
3/13/2018 15:07:14.258,-0.836
3/13/2018 15:07:14.308,-0.836
3/13/2018 15:07:14.358,-0.836
3/13/2018 15:07:14.408,-0.836
3/13/2018 15:07:14.458,-0.836
3/13/2018 15:07:14.508,-0.836
3/13/2018 15:07:14.558,-0.836
3/13/2018 15:07:14.608,-0.836
3/13/2018 15:07:14.658,-0.836
3/13/2018 15:07:14.708,-0.836
3/13/2018 15:07:14.758,-0.836
3/13/2018 15:07:14.808,-0.836
3/13/2018 15:07:14.858,-0.836
3/13/2018 15:07:14.908,-0.836
3/13/2018 15:07:14.958,-0.836
3/13/2018 15:07:15.008,-0.836
3/13/2018 15:07:15.058,-0.836
3/13/2018 15:07:15.108,-0.836
3/13/2018 15:07:15.158,-0.836
3/13/2018 15:07:15.208,-0.836
3/13/2018 15:07:15.258,-0.836
3/13/2018 15:07:15.308,-0.836
3/13/2018 15:07:15.358,-0.836
3/13/2018 15:07:15.408,-0.836
3/13/2018 15:07:15.458,-0.836
3/13/2018 15:07:15.508,-0.836
3/13/2018 15:07:15.558,-0.836
3/13/2018 15:07:15.608,-0.836
3/13/2018 15:07:15.658,-0.836
3/13/2018 15:07:15.708,-0.836
3/13/2018 15:07:15.758,-0.836
3/13/2018 15:07:15.808,-0.836
3/13/2018 15:07:15.858,-0.836
3/13/2018 15:07:15.908,-0.836
3/13/2018 15:07:15.958,-0.836
3/13/2018 15:07:16.008,-0.836
3/13/2018 15:07:16.058,-0.836
3/13/2018 15:07:16.108,-0.836
3/13/2018 15:07:16.158,-0.836
3/13/2018 15:07:16.208,-0.836
3/13/2018 15:07:16.258,-0.836
3/13/2018 15:07:16.308,-0.836
3/13/2018 15:07:16.358,-0.836
3/13/2018 15:07:16.408,-0.836
3/13/2018 15:07:16.458,-0.836
3/13/2018 15:07:16.508,-0.836
3/13/2018 15:07:16.558,-0.836
3/13/2018 15:07:16.608,-0.836
3/13/2018 15:07:16.658,-0.836
3/13/2018 15:07:16.708,-0.836
3/13/2018 15:07:16.758,-0.836
3/13/2018 15:07:16.808,-0.836
3/13/2018 15:07:16.858,-0.836
3/13/2018 15:07:16.908,-0.836
3/13/2018 15:07:16.958,-0.836
3/13/2018 15:07:17.008,-0.836
3/13/2018 15:07:17.058,-0.836
3/13/2018 15:07:17.108,-0.836
3/13/2018 15:07:17.158,-0.836
3/13/2018 15:07:17.208,-0.836
3/13/2018 15:07:17.258,-0.836
3/13/2018 15:07:17.308,-0.836
3/13/2018 15:07:17.358,-0.836
3/13/2018 15:07:17.408,-0.836
3/13/2018 15:07:17.458,-0.836
3/13/2018 15:07:17.508,-0.836
3/13/2018 15:07:17.558,-0.836
3/13/2018 15:07:17.608,-0.836
3/13/2018 15:07:17.658,-0.836
3/13/2018 15:07:17.708,-0.836
3/13/2018 15:07:17.758,-0.836
3/13/2018 15:07:17.808,-0.836
3/13/2018 15:07:17.858,-0.836
3/13/2018 15:07:17.908,-0.836
3/13/2018 15:07:17.958,-0.836
3/13/2018 15:07:18.008,-0.836
3/13/2018 15:07:18.058,-0.836
3/13/2018 15:07:18.108,-0.836
3/13/2018 15:07:18.158,-0.836
3/13/2018 15:07:18.208,-0.836
3/13/2018 15:07:18.258,-0.836
3/13/2018 15:07:18.308,-0.836
3/13/2018 15:07:18.358,-0.836
3/13/2018 15:07:18.408,-0.836
3/13/2018 15:07:18.458,-0.836
3/13/2018 15:07:18.508,-0.836
3/13/2018 15:07:18.558,-0.836
3/13/2018 15:07:18.608,-0.836
3/13/2018 15:07:18.658,-0.836
3/13/2018 15:07:18.708,-0.836
3/13/2018 15:07:18.758,-0.836
3/13/2018 15:07:18.808,-0.836
3/13/2018 15:07:18.858,-0.836
3/13/2018 15:07:18.908,-0.836
3/13/2018 15:07:18.958,-0.836
3/13/2018 15:07:19.008,-0.836
3/13/2018 15:07:19.058,-0.836
3/13/2018 15:07:19.108,-0.836
3/13/2018 15:07:19.158,-0.836
3/13/2018 15:07:19.208,-0.836
3/13/2018 15:07:19.258,-0.836
3/13/2018 15:07:19.308,-0.836
3/13/2018 15:07:19.358,-0.836
3/13/2018 15:07:19.408,-0.836
3/13/2018 15:07:19.458,-0.836
3/13/2018 15:07:19.508,-0.836
3/13/2018 15:07:19.558,-0.836
3/13/2018 15:07:19.608,-0.836
3/13/2018 15:07:19.658,-0.836
3/13/2018 15:07:19.708,-0.836
3/13/2018 15:07:19.758,-0.836
3/13/2018 15:07:19.808,-0.836
3/13/2018 15:07:19.858,-0.836
3/13/2018 15:07:19.908,-0.836
3/13/2018 15:07:19.958,-0.836
3/13/2018 15:07:20.008,-0.836
3/13/2018 15:07:20.058,-0.836
3/13/2018 15:07:20.108,-0.836
3/13/2018 15:07:20.158,-0.836
3/13/2018 15:07:20.208,-0.836
3/13/2018 15:07:20.258,-0.836
3/13/2018 15:07:20.308,-0.836
3/13/2018 15:07:20.358,-0.836
3/13/2018 15:07:20.408,-0.836
3/13/2018 15:07:20.458,-0.836
3/13/2018 15:07:20.508,-0.836
3/13/2018 15:07:20.558,-0.836
3/13/2018 15:07:20.608,-0.836
3/13/2018 15:07:20.658,-0.836
3/13/2018 15:07:20.708,-0.836
3/13/2018 15:07:20.758,-0.836
3/13/2018 15:07:20.808,-0.836
3/13/2018 15:07:20.858,-0.836
3/13/2018 15:07:20.908,-0.836
3/13/2018 15:07:20.958,-0.836
3/13/2018 15:07:21.008,-0.836
3/13/2018 15:07:21.058,-0.836
3/13/2018 15:07:21.108,-0.836
3/13/2018 15:07:21.158,-0.836
3/13/2018 15:07:21.208,-0.836
3/13/2018 15:07:21.258,-0.836
3/13/2018 15:07:21.308,-0.837
3/13/2018 15:07:21.358,-0.836
3/13/2018 15:07:21.408,-0.836
3/13/2018 15:07:21.458,-0.836
3/13/2018 15:07:21.508,-0.836
3/13/2018 15:07:21.558,-0.836
3/13/2018 15:07:21.608,-0.836
3/13/2018 15:07:21.658,-0.836
3/13/2018 15:07:21.708,-0.836
3/13/2018 15:07:21.758,-0.836
3/13/2018 15:07:21.808,-0.836
3/13/2018 15:07:21.858,-0.836
3/13/2018 15:07:21.908,-0.837
3/13/2018 15:07:21.958,-0.837
3/13/2018 15:07:22.008,-0.837
3/13/2018 15:07:22.058,-0.836
3/13/2018 15:07:22.108,-0.836
3/13/2018 15:07:22.157,-0.836
3/13/2018 15:07:22.208,-0.836
3/13/2018 15:07:22.258,-0.836
3/13/2018 15:07:22.307,-0.836
3/13/2018 15:07:22.357,-0.836
3/13/2018 15:07:22.457,-0.836
3/13/2018 15:07:22.507,-0.836
3/13/2018 15:07:22.557,-0.836
3/13/2018 15:07:22.607,-0.836
3/13/2018 15:07:22.657,-0.836
3/13/2018 15:07:22.707,-0.836
3/13/2018 15:07:22.757,-0.836
3/13/2018 15:07:22.807,-0.836
3/13/2018 15:07:22.858,-0.836
3/13/2018 15:07:22.907,-0.836
3/13/2018 15:07:22.957,-0.836
3/13/2018 15:07:23.008,-0.836
3/13/2018 15:07:23.058,-0.836
3/13/2018 15:07:23.108,-0.836
3/13/2018 15:07:23.157,-0.836
3/13/2018 15:07:23.208,-0.836
3/13/2018 15:07:23.258,-0.836
3/13/2018 15:07:23.307,-0.836
3/13/2018 15:07:23.357,-0.836
3/13/2018 15:07:23.407,-0.836
3/13/2018 15:07:23.457,-0.836
3/13/2018 15:07:23.507,-0.836
3/13/2018 15:07:23.557,-0.836
3/13/2018 15:07:23.607,-0.836
3/13/2018 15:07:23.657,-0.836
3/13/2018 15:07:23.707,-0.836
3/13/2018 15:07:23.757,-0.836
3/13/2018 15:07:23.807,-0.836
3/13/2018 15:07:23.857,-0.836
3/13/2018 15:07:23.908,-0.836
3/13/2018 15:07:23.957,-0.836
3/13/2018 15:07:24.008,-0.836
3/13/2018 15:07:24.058,-0.836
3/13/2018 15:07:24.108,-0.836
3/13/2018 15:07:24.157,-0.836
3/13/2018 15:07:24.208,-0.836
3/13/2018 15:07:24.258,-0.836
3/13/2018 15:07:24.307,-0.836
3/13/2018 15:07:24.357,-0.836
3/13/2018 15:07:24.407,-0.836
3/13/2018 15:07:24.457,-0.836
3/13/2018 15:07:24.507,-0.836
3/13/2018 15:07:24.557,-0.836
3/13/2018 15:07:24.607,-0.836
3/13/2018 15:07:24.657,-0.836
3/13/2018 15:07:24.707,-0.836
3/13/2018 15:07:24.757,-0.836
3/13/2018 15:07:24.807,-0.836
3/13/2018 15:07:24.857,-0.836
3/13/2018 15:07:24.907,-0.836
3/13/2018 15:07:24.958,-0.836
3/13/2018 15:07:25.008,-0.836
3/13/2018 15:07:25.058,-0.836
3/13/2018 15:07:25.108,-0.836
3/13/2018 15:07:25.157,-0.836
3/13/2018 15:07:25.208,-0.836
3/13/2018 15:07:25.258,-0.836
3/13/2018 15:07:25.307,-0.836
3/13/2018 15:07:25.357,-0.835
3/13/2018 15:07:25.407,-0.835
3/13/2018 15:07:25.457,-0.835
3/13/2018 15:07:25.507,-0.835
3/13/2018 15:07:25.557,-0.835
3/13/2018 15:07:25.607,-0.835
3/13/2018 15:07:25.657,-0.835
3/13/2018 15:07:25.707,-0.835
3/13/2018 15:07:25.757,-0.835
3/13/2018 15:07:25.807,-0.835
3/13/2018 15:07:25.857,-0.835
3/13/2018 15:07:25.907,-0.835
3/13/2018 15:07:25.957,-0.835
3/13/2018 15:07:26.008,-0.835
3/13/2018 15:07:26.058,-0.835
3/13/2018 15:07:26.108,-0.836
3/13/2018 15:07:26.157,-0.836
3/13/2018 15:07:26.208,-0.836
3/13/2018 15:07:26.258,-0.836
3/13/2018 15:07:26.307,-0.836
3/13/2018 15:07:26.357,-0.836
3/13/2018 15:07:26.407,-0.836
3/13/2018 15:07:26.457,-0.836
3/13/2018 15:07:26.507,-0.836
3/13/2018 15:07:26.557,-0.836
3/13/2018 15:07:26.607,-0.836
3/13/2018 15:07:26.657,-0.836
3/13/2018 15:07:26.707,-0.836
3/13/2018 15:07:26.757,-0.836
3/13/2018 15:07:26.807,-0.835
3/13/2018 15:07:26.857,-0.835
3/13/2018 15:07:26.907,-0.835
3/13/2018 15:07:26.957,-0.835
3/13/2018 15:07:27.008,-0.835
3/13/2018 15:07:27.058,-0.835
3/13/2018 15:07:27.107,-0.835
3/13/2018 15:07:27.157,-0.835
3/13/2018 15:07:27.207,-0.835
3/13/2018 15:07:27.257,-0.835
3/13/2018 15:07:27.307,-0.835
3/13/2018 15:07:27.357,-0.835
3/13/2018 15:07:27.407,-0.835
3/13/2018 15:07:27.457,-0.835
3/13/2018 15:07:27.507,-0.835
3/13/2018 15:07:27.557,-0.835
3/13/2018 15:07:27.607,-0.835
3/13/2018 15:07:27.657,-0.835
3/13/2018 15:07:27.707,-0.835
3/13/2018 15:07:27.757,-0.835
3/13/2018 15:07:27.807,-0.835
3/13/2018 15:07:27.857,-0.835
3/13/2018 15:07:27.907,-0.835
3/13/2018 15:07:27.957,-0.835
3/13/2018 15:07:28.007,-0.835
3/13/2018 15:07:28.058,-0.835
3/13/2018 15:07:28.107,-0.835
3/13/2018 15:07:28.157,-0.835
3/13/2018 15:07:28.207,-0.835
3/13/2018 15:07:28.257,-0.835
3/13/2018 15:07:28.307,-0.835
3/13/2018 15:07:28.357,-0.835
3/13/2018 15:07:28.407,-0.835
3/13/2018 15:07:28.457,-0.835
3/13/2018 15:07:28.507,-0.835
3/13/2018 15:07:28.557,-0.835
3/13/2018 15:07:28.607,-0.835
3/13/2018 15:07:28.657,-0.835
3/13/2018 15:07:28.707,-0.835
3/13/2018 15:07:28.757,-0.835
3/13/2018 15:07:28.807,-0.835
3/13/2018 15:07:28.857,-0.835
3/13/2018 15:07:28.907,-0.835
3/13/2018 15:07:28.957,-0.835
3/13/2018 15:07:29.007,-0.835
3/13/2018 15:07:29.057,-0.835
3/13/2018 15:07:29.108,-0.835
3/13/2018 15:07:29.157,-0.835
3/13/2018 15:07:29.207,-0.835
3/13/2018 15:07:29.257,-0.835
3/13/2018 15:07:29.307,-0.835
3/13/2018 15:07:29.357,-0.835
3/13/2018 15:07:29.407,-0.835
3/13/2018 15:07:29.457,-0.835
3/13/2018 15:07:29.507,-0.835
3/13/2018 15:07:29.557,-0.835
3/13/2018 15:07:29.607,-0.835
3/13/2018 15:07:29.657,-0.835
3/13/2018 15:07:29.707,-0.835
3/13/2018 15:07:29.757,-0.835
3/13/2018 15:07:29.807,-0.835
3/13/2018 15:07:29.857,-0.835
3/13/2018 15:07:29.907,-0.835
3/13/2018 15:07:29.957,-0.835
3/13/2018 15:07:30.007,-0.835
3/13/2018 15:07:30.057,-0.835
3/13/2018 15:07:30.107,-0.835
3/13/2018 15:07:30.157,-0.835
3/13/2018 15:07:30.207,-0.835
3/13/2018 15:07:30.257,-0.835
3/13/2018 15:07:30.307,-0.835
3/13/2018 15:07:30.357,-0.835
3/13/2018 15:07:30.407,-0.835
3/13/2018 15:07:30.457,-0.835
3/13/2018 15:07:30.507,-0.835
3/13/2018 15:07:30.557,-0.835
3/13/2018 15:07:30.607,-0.835
3/13/2018 15:07:30.657,-0.835
3/13/2018 15:07:30.707,-0.835
3/13/2018 15:07:30.757,-0.835
3/13/2018 15:07:30.807,-0.835
3/13/2018 15:07:30.857,-0.835
3/13/2018 15:07:30.907,-0.835
3/13/2018 15:07:30.957,-0.835
3/13/2018 15:07:31.007,-0.835
3/13/2018 15:07:31.057,-0.835
3/13/2018 15:07:31.107,-0.835
3/13/2018 15:07:31.157,-0.836
3/13/2018 15:07:31.207,-0.835
3/13/2018 15:07:31.257,-0.835
3/13/2018 15:07:31.307,-0.835
3/13/2018 15:07:31.357,-0.835
3/13/2018 15:07:31.407,-0.835
3/13/2018 15:07:31.457,-0.835
3/13/2018 15:07:31.507,-0.835
3/13/2018 15:07:31.557,-0.835
3/13/2018 15:07:31.607,-0.835
3/13/2018 15:07:31.657,-0.835
3/13/2018 15:07:31.707,-0.835
3/13/2018 15:07:31.757,-0.835
3/13/2018 15:07:31.807,-0.835
3/13/2018 15:07:31.857,-0.835
3/13/2018 15:07:31.907,-0.835
3/13/2018 15:07:31.957,-0.835
3/13/2018 15:07:32.007,-0.835
3/13/2018 15:07:32.057,-0.835
3/13/2018 15:07:32.107,-0.835
3/13/2018 15:07:32.157,-0.836
3/13/2018 15:07:32.208,-0.835
3/13/2018 15:07:32.257,-0.835
3/13/2018 15:07:32.307,-0.835
3/13/2018 15:07:32.357,-0.835
3/13/2018 15:07:32.407,-0.835
3/13/2018 15:07:32.457,-0.834
3/13/2018 15:07:32.507,-0.834
3/13/2018 15:07:32.557,-0.834
3/13/2018 15:07:32.607,-0.834
3/13/2018 15:07:32.657,-0.834
3/13/2018 15:07:32.707,-0.834
3/13/2018 15:07:32.757,-0.834
3/13/2018 15:07:32.807,-0.835
3/13/2018 15:07:32.857,-0.835
3/13/2018 15:07:32.907,-0.834
3/13/2018 15:07:32.957,-0.834
3/13/2018 15:07:33.007,-0.834
3/13/2018 15:07:33.057,-0.834
3/13/2018 15:07:33.107,-0.835
3/13/2018 15:07:33.157,-0.835
3/13/2018 15:07:33.207,-0.835
3/13/2018 15:07:33.257,-0.835
3/13/2018 15:07:33.307,-0.835
3/13/2018 15:07:33.357,-0.835
3/13/2018 15:07:33.407,-0.835
3/13/2018 15:07:33.457,-0.835
3/13/2018 15:07:33.507,-0.835
3/13/2018 15:07:33.557,-0.835
3/13/2018 15:07:33.607,-0.835
3/13/2018 15:07:33.657,-0.835
3/13/2018 15:07:33.707,-0.835
3/13/2018 15:07:33.757,-0.835
3/13/2018 15:07:33.807,-0.835
3/13/2018 15:07:33.857,-0.835
3/13/2018 15:07:33.907,-0.835
3/13/2018 15:07:33.957,-0.835
3/13/2018 15:07:34.007,-0.835
3/13/2018 15:07:34.057,-0.834
3/13/2018 15:07:34.107,-0.834
3/13/2018 15:07:34.157,-0.835
3/13/2018 15:07:34.207,-0.835
3/13/2018 15:07:34.257,-0.835
3/13/2018 15:07:34.307,-0.835
3/13/2018 15:07:34.357,-0.835
3/13/2018 15:07:34.407,-0.835
3/13/2018 15:07:34.457,-0.835
3/13/2018 15:07:34.507,-0.833
3/13/2018 15:07:34.557,-0.833
3/13/2018 15:07:34.607,-0.834
3/13/2018 15:07:34.657,-0.835
3/13/2018 15:07:34.707,-0.835
3/13/2018 15:07:34.757,-0.835
3/13/2018 15:07:34.807,-0.834
3/13/2018 15:07:34.857,-0.834
3/13/2018 15:07:34.907,-0.834
3/13/2018 15:07:34.957,-0.835
3/13/2018 15:07:35.007,-0.835
3/13/2018 15:07:35.057,-0.835
3/13/2018 15:07:35.107,-0.835
3/13/2018 15:07:35.157,-0.835
3/13/2018 15:07:35.207,-0.835
3/13/2018 15:07:35.257,-0.834
3/13/2018 15:07:35.307,-0.834
3/13/2018 15:07:35.357,-0.834
3/13/2018 15:07:35.407,-0.834
3/13/2018 15:07:35.457,-0.834
3/13/2018 15:07:35.507,-0.834
3/13/2018 15:07:35.557,-0.834
3/13/2018 15:07:35.607,-0.834
3/13/2018 15:07:35.657,-0.834
3/13/2018 15:07:35.707,-0.834
3/13/2018 15:07:35.757,-0.834
3/13/2018 15:07:35.807,-0.834
3/13/2018 15:07:35.857,-0.834
3/13/2018 15:07:35.907,-0.834
3/13/2018 15:07:35.957,-0.834
3/13/2018 15:07:36.007,-0.834
3/13/2018 15:07:36.057,-0.834
3/13/2018 15:07:36.107,-0.835
3/13/2018 15:07:36.157,-0.835
3/13/2018 15:07:36.207,-0.835
3/13/2018 15:07:36.257,-0.835
3/13/2018 15:07:36.307,-0.835
3/13/2018 15:07:36.357,-0.835
3/13/2018 15:07:36.407,-0.835
3/13/2018 15:07:36.457,-0.835
3/13/2018 15:07:36.507,-0.835
3/13/2018 15:07:36.557,-0.835
3/13/2018 15:07:36.607,-0.835
3/13/2018 15:07:36.657,-0.835
3/13/2018 15:07:36.707,-0.835
3/13/2018 15:07:36.757,-0.835
3/13/2018 15:07:36.807,-0.835
3/13/2018 15:07:36.857,-0.835
3/13/2018 15:07:36.907,-0.835
3/13/2018 15:07:36.957,-0.835
3/13/2018 15:07:37.007,-0.834
3/13/2018 15:07:37.057,-0.834
3/13/2018 15:07:37.107,-0.835
3/13/2018 15:07:37.157,-0.835
3/13/2018 15:07:37.207,-0.835
3/13/2018 15:07:37.257,-0.835
3/13/2018 15:07:37.307,-0.835
3/13/2018 15:07:37.357,-0.835
3/13/2018 15:07:37.407,-0.835
3/13/2018 15:07:37.457,-0.835
3/13/2018 15:07:37.507,-0.835
3/13/2018 15:07:37.557,-0.835
3/13/2018 15:07:37.607,-0.835
3/13/2018 15:07:37.657,-0.835
3/13/2018 15:07:37.707,-0.835
3/13/2018 15:07:37.757,-0.835
3/13/2018 15:07:37.807,-0.835
3/13/2018 15:07:37.857,-0.835
3/13/2018 15:07:37.907,-0.835
3/13/2018 15:07:37.957,-0.835
3/13/2018 15:07:38.007,-0.835
3/13/2018 15:07:38.057,-0.835
3/13/2018 15:07:38.107,-0.835
3/13/2018 15:07:38.157,-0.836
3/13/2018 15:07:38.207,-0.835
3/13/2018 15:07:38.257,-0.835
3/13/2018 15:07:38.307,-0.835
3/13/2018 15:07:38.357,-0.835
3/13/2018 15:07:38.407,-0.835
3/13/2018 15:07:38.457,-0.835
3/13/2018 15:07:38.507,-0.835
3/13/2018 15:07:38.557,-0.835
3/13/2018 15:07:38.607,-0.835
3/13/2018 15:07:38.657,-0.835
3/13/2018 15:07:38.707,-0.835
3/13/2018 15:07:38.757,-0.835
3/13/2018 15:07:38.807,-0.835
3/13/2018 15:07:38.857,-0.835
3/13/2018 15:07:38.907,-0.835
3/13/2018 15:07:38.957,-0.835
3/13/2018 15:07:39.007,-0.835
3/13/2018 15:07:39.057,-0.835
3/13/2018 15:07:39.107,-0.835
3/13/2018 15:07:39.157,-0.835
3/13/2018 15:07:39.207,-0.834
3/13/2018 15:07:39.257,-0.834
3/13/2018 15:07:39.307,-0.834
3/13/2018 15:07:39.357,-0.834
3/13/2018 15:07:39.407,-0.834
3/13/2018 15:07:39.457,-0.834
3/13/2018 15:07:39.507,-0.834
3/13/2018 15:07:39.557,-0.834
3/13/2018 15:07:39.607,-0.834
3/13/2018 15:07:39.657,-0.834
3/13/2018 15:07:39.707,-0.834
3/13/2018 15:07:39.757,-0.834
3/13/2018 15:07:39.807,-0.834
3/13/2018 15:07:39.857,-0.834
3/13/2018 15:07:39.907,-0.834
3/13/2018 15:07:39.957,-0.834
3/13/2018 15:07:40.007,-0.834
3/13/2018 15:07:40.057,-0.834
3/13/2018 15:07:40.107,-0.834
3/13/2018 15:07:40.157,-0.834
3/13/2018 15:07:40.207,-0.834
3/13/2018 15:07:40.257,-0.834
3/13/2018 15:07:40.307,-0.834
3/13/2018 15:07:40.357,-0.834
3/13/2018 15:07:40.407,-0.834
3/13/2018 15:07:40.457,-0.834
3/13/2018 15:07:40.507,-0.834
3/13/2018 15:07:40.557,-0.834
3/13/2018 15:07:40.607,-0.834
3/13/2018 15:07:40.657,-0.834
3/13/2018 15:07:40.707,-0.834
3/13/2018 15:07:40.757,-0.834
3/13/2018 15:07:40.807,-0.834
3/13/2018 15:07:40.857,-0.834
3/13/2018 15:07:40.907,-0.834
3/13/2018 15:07:40.957,-0.834
3/13/2018 15:07:41.007,-0.834
3/13/2018 15:07:41.057,-0.834
3/13/2018 15:07:41.107,-0.834
3/13/2018 15:07:41.157,-0.834
3/13/2018 15:07:41.207,-0.834
3/13/2018 15:07:41.257,-0.834
3/13/2018 15:07:41.307,-0.834
3/13/2018 15:07:41.357,-0.833
3/13/2018 15:07:41.407,-0.833
3/13/2018 15:07:41.457,-0.834
3/13/2018 15:07:41.507,-0.834
3/13/2018 15:07:41.557,-0.834
3/13/2018 15:07:41.607,-0.834
3/13/2018 15:07:41.657,-0.834
3/13/2018 15:07:41.707,-0.834
3/13/2018 15:07:41.757,-0.834
3/13/2018 15:07:41.807,-0.834
3/13/2018 15:07:41.857,-0.834
3/13/2018 15:07:41.907,-0.834
3/13/2018 15:07:41.957,-0.834
3/13/2018 15:07:42.007,-0.834
3/13/2018 15:07:42.057,-0.834
3/13/2018 15:07:42.107,-0.834
3/13/2018 15:07:42.157,-0.834
3/13/2018 15:07:42.207,-0.834
3/13/2018 15:07:42.257,-0.834
3/13/2018 15:07:42.307,-0.834
3/13/2018 15:07:42.357,-0.834
3/13/2018 15:07:42.407,-0.834
3/13/2018 15:07:42.457,-0.834
3/13/2018 15:07:42.507,-0.833
3/13/2018 15:07:42.557,-0.834
3/13/2018 15:07:42.607,-0.833
3/13/2018 15:07:42.657,-0.834
3/13/2018 15:07:42.707,-0.834
3/13/2018 15:07:42.757,-0.834
3/13/2018 15:07:42.807,-0.834
3/13/2018 15:07:42.857,-0.834
3/13/2018 15:07:42.907,-0.833
3/13/2018 15:07:42.957,-0.834
3/13/2018 15:07:43.007,-0.834
3/13/2018 15:07:43.057,-0.833
3/13/2018 15:07:43.107,-0.833
3/13/2018 15:07:43.157,-0.834
3/13/2018 15:07:43.207,-0.833
3/13/2018 15:07:43.257,-0.833
3/13/2018 15:07:43.307,-0.833
3/13/2018 15:07:43.357,-0.833
3/13/2018 15:07:43.407,-0.833
3/13/2018 15:07:43.457,-0.834
3/13/2018 15:07:43.507,-0.834
3/13/2018 15:07:43.557,-0.834
3/13/2018 15:07:43.607,-0.833
3/13/2018 15:07:43.657,-0.833
3/13/2018 15:07:43.707,-0.833
3/13/2018 15:07:43.757,-0.833
3/13/2018 15:07:43.807,-0.833
3/13/2018 15:07:43.857,-0.834
3/13/2018 15:07:43.907,-0.833
3/13/2018 15:07:43.957,-0.834
3/13/2018 15:07:44.006,-0.834
3/13/2018 15:07:44.056,-0.833
3/13/2018 15:07:44.106,-0.833
3/13/2018 15:07:44.156,-0.834
3/13/2018 15:07:44.206,-0.834
3/13/2018 15:07:44.256,-0.835
3/13/2018 15:07:44.306,-0.835
3/13/2018 15:07:44.356,-0.835
3/13/2018 15:07:44.406,-0.835
3/13/2018 15:07:44.456,-0.835
3/13/2018 15:07:44.506,-0.835
3/13/2018 15:07:44.556,-0.835
3/13/2018 15:07:44.606,-0.835
3/13/2018 15:07:44.656,-0.835
3/13/2018 15:07:44.707,-0.835
3/13/2018 15:07:44.756,-0.835
3/13/2018 15:07:44.806,-0.835
3/13/2018 15:07:44.856,-0.835
3/13/2018 15:07:44.906,-0.835
3/13/2018 15:07:44.956,-0.835
3/13/2018 15:07:45.006,-0.835
3/13/2018 15:07:45.056,-0.835
3/13/2018 15:07:45.106,-0.835
3/13/2018 15:07:45.156,-0.835
3/13/2018 15:07:45.206,-0.835
3/13/2018 15:07:45.256,-0.835
3/13/2018 15:07:45.306,-0.835
3/13/2018 15:07:45.356,-0.835
3/13/2018 15:07:45.406,-0.835
3/13/2018 15:07:45.456,-0.835
3/13/2018 15:07:45.506,-0.835
3/13/2018 15:07:45.556,-0.835
3/13/2018 15:07:45.606,-0.835
3/13/2018 15:07:45.656,-0.835
3/13/2018 15:07:45.706,-0.835
3/13/2018 15:07:45.757,-0.835
3/13/2018 15:07:45.806,-0.835
3/13/2018 15:07:45.856,-0.835
3/13/2018 15:07:45.906,-0.835
3/13/2018 15:07:45.956,-0.835
3/13/2018 15:07:46.006,-0.835
3/13/2018 15:07:46.056,-0.832
3/13/2018 15:07:46.106,-0.812
3/13/2018 15:07:46.156,-0.801
3/13/2018 15:07:46.206,-0.798
3/13/2018 15:07:46.256,-0.798
3/13/2018 15:07:46.306,-0.798
3/13/2018 15:07:46.356,-0.798
3/13/2018 15:07:46.406,-0.798
3/13/2018 15:07:46.456,-0.798
3/13/2018 15:07:46.506,-0.799
3/13/2018 15:07:46.556,-0.798
3/13/2018 15:07:46.606,-0.799
3/13/2018 15:07:46.656,-0.799
3/13/2018 15:07:46.706,-0.798
3/13/2018 15:07:46.756,-0.798
3/13/2018 15:07:46.806,-0.798
3/13/2018 15:07:46.856,-0.798
3/13/2018 15:07:46.906,-0.799
3/13/2018 15:07:46.956,-0.799
3/13/2018 15:07:47.006,-0.799
3/13/2018 15:07:47.056,-0.798
3/13/2018 15:07:47.106,-0.798
3/13/2018 15:07:47.156,-0.799
3/13/2018 15:07:47.206,-0.798
3/13/2018 15:07:47.256,-0.798
3/13/2018 15:07:47.306,-0.798
3/13/2018 15:07:47.356,-0.798
3/13/2018 15:07:47.406,-0.798
3/13/2018 15:07:47.456,-0.798
3/13/2018 15:07:47.506,-0.798
3/13/2018 15:07:47.556,-0.799
3/13/2018 15:07:47.606,-0.798
3/13/2018 15:07:47.656,-0.798
3/13/2018 15:07:47.706,-0.798
3/13/2018 15:07:47.756,-0.798
3/13/2018 15:07:47.806,-0.798
3/13/2018 15:07:47.856,-0.798
3/13/2018 15:07:47.906,-0.798
3/13/2018 15:07:47.956,-0.798
3/13/2018 15:07:48.006,-0.798
3/13/2018 15:07:48.056,-0.798
3/13/2018 15:07:48.106,-0.798
3/13/2018 15:07:48.156,-0.798
3/13/2018 15:07:48.206,-0.798
3/13/2018 15:07:48.256,-0.798
3/13/2018 15:07:48.306,-0.798
3/13/2018 15:07:48.356,-0.798
3/13/2018 15:07:48.406,-0.798
3/13/2018 15:07:48.456,-0.798
3/13/2018 15:07:48.506,-0.798
3/13/2018 15:07:48.556,-0.798
3/13/2018 15:07:48.606,-0.798
3/13/2018 15:07:48.656,-0.798
3/13/2018 15:07:48.706,-0.798
3/13/2018 15:07:48.756,-0.798
3/13/2018 15:07:48.806,-0.798
3/13/2018 15:07:48.857,-0.798
3/13/2018 15:07:48.906,-0.798
3/13/2018 15:07:48.956,-0.798
3/13/2018 15:07:49.006,-0.798
3/13/2018 15:07:49.056,-0.798
3/13/2018 15:07:49.106,-0.798
3/13/2018 15:07:49.156,-0.798
3/13/2018 15:07:49.206,-0.798
3/13/2018 15:07:49.256,-0.798
3/13/2018 15:07:49.306,-0.798
3/13/2018 15:07:49.356,-0.798
3/13/2018 15:07:49.406,-0.798
3/13/2018 15:07:49.456,-0.798
3/13/2018 15:07:49.506,-0.798
3/13/2018 15:07:49.556,-0.798
3/13/2018 15:07:49.606,-0.798
3/13/2018 15:07:49.656,-0.798
3/13/2018 15:07:49.706,-0.798
3/13/2018 15:07:49.756,-0.798
3/13/2018 15:07:49.806,-0.798
3/13/2018 15:07:49.856,-0.798
3/13/2018 15:07:49.907,-0.798
3/13/2018 15:07:49.956,-0.798
3/13/2018 15:07:50.006,-0.798
3/13/2018 15:07:50.056,-0.798
3/13/2018 15:07:50.106,-0.798
3/13/2018 15:07:50.156,-0.798
3/13/2018 15:07:50.206,-0.798
3/13/2018 15:07:50.256,-0.798
3/13/2018 15:07:50.306,-0.798
3/13/2018 15:07:50.356,-0.798
3/13/2018 15:07:50.406,-0.798
3/13/2018 15:07:50.456,-0.798
3/13/2018 15:07:50.506,-0.798
3/13/2018 15:07:50.556,-0.798
3/13/2018 15:07:50.606,-0.798
3/13/2018 15:07:50.656,-0.798
3/13/2018 15:07:50.706,-0.798
3/13/2018 15:07:50.756,-0.798
3/13/2018 15:07:50.806,-0.798
3/13/2018 15:07:50.856,-0.798
3/13/2018 15:07:50.906,-0.798
3/13/2018 15:07:50.956,-0.798
3/13/2018 15:07:51.006,-0.798
3/13/2018 15:07:51.056,-0.800
3/13/2018 15:07:51.106,-0.820
3/13/2018 15:07:51.156,-0.832
3/13/2018 15:07:51.206,-0.836
3/13/2018 15:07:51.256,-0.837
3/13/2018 15:07:51.306,-0.837
3/13/2018 15:07:51.356,-0.836
3/13/2018 15:07:51.406,-0.835
3/13/2018 15:07:51.456,-0.835
3/13/2018 15:07:51.506,-0.836
3/13/2018 15:07:51.556,-0.835
3/13/2018 15:07:51.606,-0.835
3/13/2018 15:07:51.656,-0.835
3/13/2018 15:07:51.706,-0.835
3/13/2018 15:07:51.756,-0.835
3/13/2018 15:07:51.806,-0.835
3/13/2018 15:07:51.856,-0.835
3/13/2018 15:07:51.906,-0.835
3/13/2018 15:07:51.956,-0.835
3/13/2018 15:07:52.006,-0.835
3/13/2018 15:07:52.056,-0.835
3/13/2018 15:07:52.106,-0.835
3/13/2018 15:07:52.156,-0.835
3/13/2018 15:07:52.206,-0.835
3/13/2018 15:07:52.256,-0.835
3/13/2018 15:07:52.306,-0.835
3/13/2018 15:07:52.356,-0.835
3/13/2018 15:07:52.406,-0.835
3/13/2018 15:07:52.456,-0.835
3/13/2018 15:07:52.506,-0.836
3/13/2018 15:07:52.556,-0.836
3/13/2018 15:07:52.606,-0.836
3/13/2018 15:07:52.656,-0.835
3/13/2018 15:07:52.706,-0.835
3/13/2018 15:07:52.756,-0.835
3/13/2018 15:07:52.806,-0.835
3/13/2018 15:07:52.856,-0.835
3/13/2018 15:07:52.906,-0.835
3/13/2018 15:07:52.956,-0.835
3/13/2018 15:07:53.006,-0.835
3/13/2018 15:07:53.056,-0.678
3/13/2018 15:07:53.106,-0.648
3/13/2018 15:07:53.156,-0.658
3/13/2018 15:07:53.206,-0.660
3/13/2018 15:07:53.256,-0.661
3/13/2018 15:07:53.306,-0.661
3/13/2018 15:07:53.356,-0.661
3/13/2018 15:07:53.406,-0.661
3/13/2018 15:07:53.456,-0.661
3/13/2018 15:07:53.506,-0.661
3/13/2018 15:07:53.556,-0.661
3/13/2018 15:07:53.606,-0.661
3/13/2018 15:07:53.656,-0.661
3/13/2018 15:07:53.706,-0.661
3/13/2018 15:07:53.756,-0.661
3/13/2018 15:07:53.806,-0.661
3/13/2018 15:07:53.856,-0.661
3/13/2018 15:07:53.906,-0.661
3/13/2018 15:07:53.956,-0.661
3/13/2018 15:07:54.006,-0.661
3/13/2018 15:07:54.056,-0.661
3/13/2018 15:07:54.106,-0.661
3/13/2018 15:07:54.156,-0.661
3/13/2018 15:07:54.206,-0.661
3/13/2018 15:07:54.256,-0.661
3/13/2018 15:07:54.306,-0.661
3/13/2018 15:07:54.356,-0.661
3/13/2018 15:07:54.406,-0.661
3/13/2018 15:07:54.456,-0.661
3/13/2018 15:07:54.506,-0.661
3/13/2018 15:07:54.556,-0.661
3/13/2018 15:07:54.606,-0.661
3/13/2018 15:07:54.656,-0.661
3/13/2018 15:07:54.706,-0.661
3/13/2018 15:07:54.756,-0.661
3/13/2018 15:07:54.806,-0.661
3/13/2018 15:07:54.856,-0.661
3/13/2018 15:07:54.906,-0.661
3/13/2018 15:07:54.956,-0.661
3/13/2018 15:07:55.006,-0.661
3/13/2018 15:07:55.056,-0.661
3/13/2018 15:07:55.106,-0.661
3/13/2018 15:07:55.156,-0.661
3/13/2018 15:07:55.206,-0.661
3/13/2018 15:07:55.256,-0.661
3/13/2018 15:07:55.306,-0.661
3/13/2018 15:07:55.356,-0.661
3/13/2018 15:07:55.406,-0.661
3/13/2018 15:07:55.456,-0.661
3/13/2018 15:07:55.506,-0.661
3/13/2018 15:07:55.556,-0.661
3/13/2018 15:07:55.606,-0.661
3/13/2018 15:07:55.656,-0.661
3/13/2018 15:07:55.706,-0.661
3/13/2018 15:07:55.756,-0.661
3/13/2018 15:07:55.806,-0.661
3/13/2018 15:07:55.856,-0.661
3/13/2018 15:07:55.906,-0.661
3/13/2018 15:07:55.956,-0.661
3/13/2018 15:07:56.006,-0.661
3/13/2018 15:07:56.056,-0.660
3/13/2018 15:07:56.106,-0.660
3/13/2018 15:07:56.156,-0.660
3/13/2018 15:07:56.206,-0.660
3/13/2018 15:07:56.256,-0.660
3/13/2018 15:07:56.306,-0.660
3/13/2018 15:07:56.356,-0.660
3/13/2018 15:07:56.406,-0.660
3/13/2018 15:07:56.456,-0.660
3/13/2018 15:07:56.506,-0.660
3/13/2018 15:07:56.556,-0.660
3/13/2018 15:07:56.606,-0.660
3/13/2018 15:07:56.656,-0.660
3/13/2018 15:07:56.706,-0.660
3/13/2018 15:07:56.756,-0.660
3/13/2018 15:07:56.806,-0.660
3/13/2018 15:07:56.856,-0.660
3/13/2018 15:07:56.906,-0.660
3/13/2018 15:07:56.956,-0.660
3/13/2018 15:07:57.006,-0.660
3/13/2018 15:07:57.056,-0.660
3/13/2018 15:07:57.106,-0.660
3/13/2018 15:07:57.156,-0.660
3/13/2018 15:07:57.206,-0.660
3/13/2018 15:07:57.256,-0.660
3/13/2018 15:07:57.306,-0.660
3/13/2018 15:07:57.356,-0.660
3/13/2018 15:07:57.406,-0.660
3/13/2018 15:07:57.456,-0.660
3/13/2018 15:07:57.506,-0.660
3/13/2018 15:07:57.556,-0.660
3/13/2018 15:07:57.606,-0.660
3/13/2018 15:07:57.656,-0.660
3/13/2018 15:07:57.706,-0.660
3/13/2018 15:07:57.756,-0.660
3/13/2018 15:07:57.806,-0.660
3/13/2018 15:07:57.856,-0.660
3/13/2018 15:07:57.906,-0.660
3/13/2018 15:07:57.956,-0.660
3/13/2018 15:07:58.006,-0.660
3/13/2018 15:07:58.056,-0.830
3/13/2018 15:07:58.106,-0.860
3/13/2018 15:07:58.156,-0.847
3/13/2018 15:07:58.206,-0.843
3/13/2018 15:07:58.256,-0.840
3/13/2018 15:07:58.306,-0.839
3/13/2018 15:07:58.356,-0.839
3/13/2018 15:07:58.406,-0.839
3/13/2018 15:07:58.456,-0.839
3/13/2018 15:07:58.506,-0.838
3/13/2018 15:07:58.556,-0.838
3/13/2018 15:07:58.606,-0.838
3/13/2018 15:07:58.656,-0.838
3/13/2018 15:07:58.706,-0.838
3/13/2018 15:07:58.756,-0.838
3/13/2018 15:07:58.806,-0.838
3/13/2018 15:07:58.856,-0.838
3/13/2018 15:07:58.906,-0.838
3/13/2018 15:07:58.956,-0.838
3/13/2018 15:07:59.006,-0.838
3/13/2018 15:07:59.056,-0.837
3/13/2018 15:07:59.106,-0.837
3/13/2018 15:07:59.156,-0.838
3/13/2018 15:07:59.206,-0.837
3/13/2018 15:07:59.256,-0.837
3/13/2018 15:07:59.306,-0.837
3/13/2018 15:07:59.356,-0.837
3/13/2018 15:07:59.406,-0.837
3/13/2018 15:07:59.456,-0.837
3/13/2018 15:07:59.506,-0.837
3/13/2018 15:07:59.556,-0.837
3/13/2018 15:07:59.606,-0.837
3/13/2018 15:07:59.656,-0.837
3/13/2018 15:07:59.706,-0.837
3/13/2018 15:07:59.756,-0.837
3/13/2018 15:07:59.806,-0.837
3/13/2018 15:07:59.856,-0.837
3/13/2018 15:07:59.906,-0.837
3/13/2018 15:07:59.956,-0.837
3/13/2018 15:08:00.006,-0.837
3/13/2018 15:08:00.056,-0.671
3/13/2018 15:08:00.106,-0.607
3/13/2018 15:08:00.156,-0.593
3/13/2018 15:08:00.206,-0.589
3/13/2018 15:08:00.256,-0.588
3/13/2018 15:08:00.306,-0.588
3/13/2018 15:08:00.356,-0.588
3/13/2018 15:08:00.406,-0.588
3/13/2018 15:08:00.456,-0.588
3/13/2018 15:08:00.506,-0.588
3/13/2018 15:08:00.556,-0.588
3/13/2018 15:08:00.606,-0.588
3/13/2018 15:08:00.656,-0.588
3/13/2018 15:08:00.706,-0.587
3/13/2018 15:08:00.756,-0.587
3/13/2018 15:08:00.806,-0.587
3/13/2018 15:08:00.856,-0.587
3/13/2018 15:08:00.906,-0.587
3/13/2018 15:08:00.956,-0.587
3/13/2018 15:08:01.006,-0.587
3/13/2018 15:08:01.056,-0.587
3/13/2018 15:08:01.106,-0.587
3/13/2018 15:08:01.156,-0.587
3/13/2018 15:08:01.206,-0.587
3/13/2018 15:08:01.256,-0.587
3/13/2018 15:08:01.306,-0.587
3/13/2018 15:08:01.356,-0.587
3/13/2018 15:08:01.406,-0.586
3/13/2018 15:08:01.456,-0.586
3/13/2018 15:08:01.506,-0.586
3/13/2018 15:08:01.556,-0.586
3/13/2018 15:08:01.606,-0.586
3/13/2018 15:08:01.656,-0.586
3/13/2018 15:08:01.706,-0.586
3/13/2018 15:08:01.756,-0.586
3/13/2018 15:08:01.806,-0.586
3/13/2018 15:08:01.856,-0.586
3/13/2018 15:08:01.906,-0.586
3/13/2018 15:08:01.956,-0.586
3/13/2018 15:08:02.006,-0.586
3/13/2018 15:08:02.056,-0.586
3/13/2018 15:08:02.106,-0.586
3/13/2018 15:08:02.156,-0.586
3/13/2018 15:08:02.206,-0.586
3/13/2018 15:08:02.256,-0.586
3/13/2018 15:08:02.306,-0.586
3/13/2018 15:08:02.356,-0.586
3/13/2018 15:08:02.406,-0.586
3/13/2018 15:08:02.456,-0.586
3/13/2018 15:08:02.506,-0.586
3/13/2018 15:08:02.556,-0.586
3/13/2018 15:08:02.606,-0.586
3/13/2018 15:08:02.656,-0.586
3/13/2018 15:08:02.706,-0.586
3/13/2018 15:08:02.756,-0.586
3/13/2018 15:08:02.806,-0.586
3/13/2018 15:08:02.856,-0.586
3/13/2018 15:08:02.906,-0.586
3/13/2018 15:08:02.956,-0.586
3/13/2018 15:08:03.006,-0.586
3/13/2018 15:08:03.056,-0.586
3/13/2018 15:08:03.106,-0.586
3/13/2018 15:08:03.156,-0.586
3/13/2018 15:08:03.206,-0.586
3/13/2018 15:08:03.256,-0.586
3/13/2018 15:08:03.306,-0.586
3/13/2018 15:08:03.356,-0.586
3/13/2018 15:08:03.406,-0.586
3/13/2018 15:08:03.456,-0.586
3/13/2018 15:08:03.506,-0.586
3/13/2018 15:08:03.556,-0.586
3/13/2018 15:08:03.606,-0.586
3/13/2018 15:08:03.656,-0.586
3/13/2018 15:08:03.706,-0.586
3/13/2018 15:08:03.756,-0.586
3/13/2018 15:08:03.806,-0.586
3/13/2018 15:08:03.856,-0.585
3/13/2018 15:08:03.906,-0.586
3/13/2018 15:08:03.956,-0.585
3/13/2018 15:08:04.006,-0.585
3/13/2018 15:08:04.056,-0.585
3/13/2018 15:08:04.106,-0.585
3/13/2018 15:08:04.156,-0.586
3/13/2018 15:08:04.206,-0.586
3/13/2018 15:08:04.256,-0.585
3/13/2018 15:08:04.306,-0.586
3/13/2018 15:08:04.356,-0.586
3/13/2018 15:08:04.406,-0.585
3/13/2018 15:08:04.456,-0.585
3/13/2018 15:08:04.506,-0.586
3/13/2018 15:08:04.556,-0.585
3/13/2018 15:08:04.606,-0.585
3/13/2018 15:08:04.656,-0.585
3/13/2018 15:08:04.706,-0.585
3/13/2018 15:08:04.756,-0.585
3/13/2018 15:08:04.806,-0.585
3/13/2018 15:08:04.856,-0.585
3/13/2018 15:08:04.906,-0.585
3/13/2018 15:08:04.956,-0.585
3/13/2018 15:08:05.006,-0.585
3/13/2018 15:08:05.056,-0.762
3/13/2018 15:08:05.106,-0.825
3/13/2018 15:08:05.156,-0.838
3/13/2018 15:08:05.206,-0.841
3/13/2018 15:08:05.256,-0.841
3/13/2018 15:08:05.306,-0.840
3/13/2018 15:08:05.356,-0.839
3/13/2018 15:08:05.406,-0.839
3/13/2018 15:08:05.456,-0.839
3/13/2018 15:08:05.506,-0.839
3/13/2018 15:08:05.556,-0.839
3/13/2018 15:08:05.606,-0.839
3/13/2018 15:08:05.656,-0.839
3/13/2018 15:08:05.706,-0.839
3/13/2018 15:08:05.756,-0.839
3/13/2018 15:08:05.806,-0.839
3/13/2018 15:08:05.856,-0.839
3/13/2018 15:08:05.906,-0.839
3/13/2018 15:08:05.956,-0.838
3/13/2018 15:08:06.006,-0.838
3/13/2018 15:08:06.056,-0.838
3/13/2018 15:08:06.106,-0.838
3/13/2018 15:08:06.156,-0.838
3/13/2018 15:08:06.206,-0.838
3/13/2018 15:08:06.256,-0.838
3/13/2018 15:08:06.306,-0.838
3/13/2018 15:08:06.356,-0.838
3/13/2018 15:08:06.406,-0.838
3/13/2018 15:08:06.456,-0.838
3/13/2018 15:08:06.506,-0.838
3/13/2018 15:08:06.556,-0.838
3/13/2018 15:08:06.606,-0.838
3/13/2018 15:08:06.656,-0.838
3/13/2018 15:08:06.706,-0.838
3/13/2018 15:08:06.756,-0.838
3/13/2018 15:08:06.806,-0.838
3/13/2018 15:08:06.856,-0.838
3/13/2018 15:08:06.906,-0.838
3/13/2018 15:08:06.956,-0.838
3/13/2018 15:08:07.006,-0.838
3/13/2018 15:08:07.056,-0.837
3/13/2018 15:08:07.106,-0.837
3/13/2018 15:08:07.156,-0.838
3/13/2018 15:08:07.206,-0.837
3/13/2018 15:08:07.256,-0.837
3/13/2018 15:08:07.306,-0.837
3/13/2018 15:08:07.356,-0.837
3/13/2018 15:08:07.406,-0.837
3/13/2018 15:08:07.456,-0.837
3/13/2018 15:08:07.506,-0.837
3/13/2018 15:08:07.556,-0.837
3/13/2018 15:08:07.606,-0.837
3/13/2018 15:08:07.656,-0.837
3/13/2018 15:08:07.706,-0.837
3/13/2018 15:08:07.756,-0.837
3/13/2018 15:08:07.806,-0.837
3/13/2018 15:08:07.856,-0.837
3/13/2018 15:08:07.906,-0.837
3/13/2018 15:08:07.956,-0.837
3/13/2018 15:08:08.006,-0.837
3/13/2018 15:08:08.056,-0.836
3/13/2018 15:08:08.106,-0.837
3/13/2018 15:08:08.156,-0.837
3/13/2018 15:08:08.206,-0.836
3/13/2018 15:08:08.256,-0.836
3/13/2018 15:08:08.306,-0.836
3/13/2018 15:08:08.356,-0.836
3/13/2018 15:08:08.406,-0.836
3/13/2018 15:08:08.456,-0.836
3/13/2018 15:08:08.506,-0.836
3/13/2018 15:08:08.556,-0.836
3/13/2018 15:08:08.606,-0.837
3/13/2018 15:08:08.656,-0.836
3/13/2018 15:08:08.706,-0.836
3/13/2018 15:08:08.756,-0.836
3/13/2018 15:08:08.806,-0.836
3/13/2018 15:08:08.856,-0.836
3/13/2018 15:08:08.906,-0.837
3/13/2018 15:08:08.956,-0.837
3/13/2018 15:08:09.006,-0.837
3/13/2018 15:08:09.056,-0.836
3/13/2018 15:08:09.106,-0.836
3/13/2018 15:08:09.156,-0.836
3/13/2018 15:08:09.206,-0.836
3/13/2018 15:08:09.256,-0.836
3/13/2018 15:08:09.306,-0.836
3/13/2018 15:08:09.356,-0.836
3/13/2018 15:08:09.406,-0.836
3/13/2018 15:08:09.456,-0.836
3/13/2018 15:08:09.506,-0.836
3/13/2018 15:08:09.556,-0.836
3/13/2018 15:08:09.606,-0.836
3/13/2018 15:08:09.656,-0.836
3/13/2018 15:08:09.706,-0.836
3/13/2018 15:08:09.756,-0.836
3/13/2018 15:08:09.806,-0.836
3/13/2018 15:08:09.856,-0.836
3/13/2018 15:08:09.906,-0.836
3/13/2018 15:08:09.956,-0.836
3/13/2018 15:08:10.006,-0.836
3/13/2018 15:08:10.056,-0.836
3/13/2018 15:08:10.106,-0.836
3/13/2018 15:08:10.156,-0.836
3/13/2018 15:08:10.206,-0.836
3/13/2018 15:08:10.256,-0.836
3/13/2018 15:08:10.306,-0.836
3/13/2018 15:08:10.356,-0.836
3/13/2018 15:08:10.406,-0.836
3/13/2018 15:08:10.456,-0.836
3/13/2018 15:08:10.506,-0.836
3/13/2018 15:08:10.556,-0.836
3/13/2018 15:08:10.606,-0.836
3/13/2018 15:08:10.656,-0.836
3/13/2018 15:08:10.706,-0.836
3/13/2018 15:08:10.756,-0.836
3/13/2018 15:08:10.806,-0.836
3/13/2018 15:08:10.856,-0.836
3/13/2018 15:08:10.906,-0.836
